frame,RL1_wrap_original,RL1_wrap_rate005,RL1_wrap_diff,RL5_wrap_original,RL5_wrap_rate005,RL5_wrap_diff,LL1_wrap_original,LL1_wrap_rate005,LL1_wrap_diff,LL5_wrap_original,LL5_wrap_rate005,LL5_wrap_diff
0,-0.0143077,-0.0143077,0.0,0.0143076,0.0143076,0.0,-0.0143077,-0.0143077,0.0,0.0143076,0.0143076,0.0
1,-0.016981,-0.016981,0.0,0.0169768,0.0169768,0.0,-0.016981,-0.016981,0.0,0.0169768,0.0169768,0.0
2,-0.0199786,-0.0199786,0.0,0.0199739,0.0199739,0.0,-0.0199786,-0.0199786,0.0,0.0199739,0.0199739,0.0
3,-0.0232939,-0.0232939,0.0,0.0232887,0.0232887,0.0,-0.0232939,-0.0232939,0.0,0.0232887,0.0232887,0.0
4,-0.0269478,-0.0269478,0.0,0.0269421,0.0269421,0.0,-0.0269478,-0.0269478,0.0,0.0269421,0.0269421,0.0
5,-0.0309634,-0.0309634,0.0,0.0309572,0.0309572,0.0,-0.0309634,-0.0309634,0.0,0.0309572,0.0309572,0.0
6,-0.0353659,-0.0353659,0.0,0.035359,0.035359,0.0,-0.0353659,-0.0353659,0.0,0.035359,0.035359,0.0
7,-0.0401826,-0.0401826,0.0,0.0401751,0.0401751,0.0,-0.0401826,-0.0401826,0.0,0.0401751,0.0401751,0.0
8,-0.0454431,-0.0454431,0.0,0.0454349,0.0454349,0.0,-0.0454431,-0.0454431,0.0,0.0454349,0.0454349,0.0
9,-0.0511794,-0.0511794,0.0,0.0511705,0.0511705,0.0,-0.0511794,-0.0511794,0.0,0.0511705,0.0511705,0.0
10,-0.057494,-0.057494,0.0,0.0574939,0.0574939,0.0,-0.057494,-0.057494,0.0,0.0574939,0.0574939,0.0
11,-0.064293,-0.064293,0.0,0.0642929,0.0642929,0.0,-0.064293,-0.064293,0.0,0.0642929,0.0642929,0.0
12,-0.0716789,-0.0716789,0.0,0.0716788,0.0716788,0.0,-0.0716789,-0.0716789,0.0,0.0716788,0.0716788,0.0
13,-0.0796939,-0.0796939,0.0,0.0796938,0.0796938,0.0,-0.0796939,-0.0796939,0.0,0.0796938,0.0796938,0.0
14,-0.0883828,-0.0883828,0.0,0.0883827,0.0883827,0.0,-0.0883828,-0.0883828,0.0,0.0883827,0.0883827,0.0
15,-0.0977931,-0.0977931,0.0,0.0977929,0.0977929,0.0,-0.0977931,-0.0977931,0.0,0.0977929,0.0977929,0.0
16,-0.107975,-0.107975,0.0,0.107975,0.107975,0.0,-0.107975,-0.107975,0.0,0.107975,0.107975,0.0
17,-0.118981,-0.118981,0.0,0.11898,0.11898,0.0,-0.118981,-0.118981,0.0,0.11898,0.11898,0.0
18,-0.130865,-0.130865,0.0,0.130865,0.130865,0.0,-0.130865,-0.130865,0.0,0.130865,0.130865,0.0
19,-0.143685,-0.143685,0.0,0.143685,0.143685,0.0,-0.143685,-0.143685,0.0,0.143685,0.143685,0.0
20,-0.157499,-0.157499,0.0,0.157499,0.157499,0.0,-0.157499,-0.157499,0.0,0.157499,0.157499,0.0
21,-0.172368,-0.172368,0.0,0.172367,0.172367,0.0,-0.172368,-0.172368,0.0,0.172367,0.172367,0.0
22,-0.18835,-0.18835,0.0,0.18835,0.18835,0.0,-0.18835,-0.18835,0.0,0.18835,0.18835,0.0
23,-0.205506,-0.205506,0.0,0.205505,0.205505,0.0,-0.205506,-0.205506,0.0,0.205505,0.205505,0.0
24,-0.223894,-0.223894,0.0,0.223893,0.223893,0.0,-0.223894,-0.223894,0.0,0.223893,0.223893,0.0
25,-0.243569,-0.243569,0.0,0.243569,0.243569,0.0,-0.243569,-0.243569,0.0,0.243569,0.243569,0.0
26,-0.264584,-0.264584,0.0,0.264584,0.264584,0.0,-0.264584,-0.264584,0.0,0.264584,0.264584,0.0
27,-0.286984,-0.286984,0.0,0.286984,0.286984,0.0,-0.286984,-0.286984,0.0,0.286984,0.286984,0.0
28,-0.310806,-0.310806,0.0,0.310806,0.310806,0.0,-0.310806,-0.310806,0.0,0.310806,0.310806,0.0
29,-0.336078,-0.336078,0.0,0.336077,0.336077,0.0,-0.336078,-0.336078,0.0,0.336077,0.336077,0.0
30,-0.362812,-0.362812,0.0,0.362812,0.362812,0.0,-0.362812,-0.362812,0.0,0.362812,0.362812,0.0
31,-0.39101,-0.39101,0.0,0.39101,0.39101,0.0,-0.39101,-0.39101,0.0,0.39101,0.39101,0.0
32,-0.420651,-0.420651,0.0,0.420651,0.420651,0.0,-0.420651,-0.420651,0.0,0.420651,0.420651,0.0
33,-0.451697,-0.451697,0.0,0.451697,0.451697,0.0,-0.451697,-0.451697,0.0,0.451697,0.451697,0.0
34,-0.484087,-0.484087,0.0,0.484087,0.484087,0.0,-0.484087,-0.484087,0.0,0.484087,0.484087,0.0
35,-0.517737,-0.517737,0.0,0.517737,0.517737,0.0,-0.517737,-0.517737,0.0,0.517737,0.517737,0.0
36,-0.552537,-0.552537,0.0,0.552538,0.552538,0.0,-0.552537,-0.552537,0.0,0.552538,0.552538,0.0
37,-0.588352,-0.588352,0.0,0.588352,0.588352,0.0,-0.588352,-0.588352,0.0,0.588352,0.588352,0.0
38,-0.625019,-0.625019,0.0,0.625019,0.625019,0.0,-0.625019,-0.625019,0.0,0.625019,0.625019,0.0
39,-0.662351,-0.662351,0.0,0.662352,0.662352,0.0,-0.662351,-0.662351,0.0,0.662352,0.662352,0.0
40,-0.700139,-0.700139,0.0,0.70014,0.70014,0.0,-0.700139,-0.700139,0.0,0.70014,0.70014,0.0
41,-0.738156,-0.738156,0.0,0.738157,0.738157,0.0,-0.738156,-0.738156,0.0,0.738157,0.738157,0.0
42,-0.776166,-0.776166,0.0,0.776167,0.776167,0.0,-0.776166,-0.776166,0.0,0.776167,0.776167,0.0
43,-0.813942,-0.813942,0.0,0.813943,0.813943,0.0,-0.813942,-0.813942,0.0,0.813943,0.813943,0.0
44,-0.851279,-0.851279,0.0,0.85128,0.85128,0.0,-0.851279,-0.851279,0.0,0.85128,0.85128,0.0
45,-0.888025,-0.888025,0.0,0.888026,0.888026,0.0,-0.888025,-0.888025,0.0,0.888026,0.888026,0.0
46,-0.9241,-0.9241,0.0,0.924101,0.924101,0.0,-0.9241,-0.9241,0.0,0.924101,0.924101,0.0
47,-0.959502,-0.959502,0.0,0.959503,0.959503,0.0,-0.959502,-0.959502,0.0,0.959503,0.959503,0.0
48,-0.994297,-0.994297,0.0,0.994298,0.994298,0.0,-0.994297,-0.994297,0.0,0.994298,0.994298,0.0
49,-1.02855,-1.02855,0.0,1.02856,1.02856,0.0,-1.02855,-1.02855,0.0,1.02856,1.02856,0.0
50,-1.06225,-1.06225,0.0,1.06225,1.06225,0.0,-1.06225,-1.06225,0.0,1.06225,1.06225,0.0
51,-1.09512,-1.09512,0.0,1.09512,1.09512,0.0,-1.09512,-1.09512,0.0,1.09512,1.09512,0.0
52,-1.12664,-1.12664,0.0,1.12664,1.12664,0.0,-1.12664,-1.12664,0.0,1.12664,1.12664,0.0
53,-1.15636,-1.15636,0.0,1.15636,1.15636,0.0,-1.15636,-1.15636,0.0,1.15636,1.15636,0.0
54,-1.18401,-1.18401,0.0,1.18401,1.18401,0.0,-1.18401,-1.18401,0.0,1.18401,1.18401,0.0
55,-1.20946,-1.20946,0.0,1.20946,1.20946,0.0,-1.20946,-1.20946,0.0,1.20946,1.20946,0.0
56,-1.2327,-1.2327,0.0,1.2327,1.2327,0.0,-1.2327,-1.2327,0.0,1.2327,1.2327,0.0
57,-1.25379,-1.25379,0.0,1.25379,1.25379,0.0,-1.25379,-1.25379,0.0,1.25379,1.25379,0.0
58,-1.27286,-1.27286,0.0,1.27286,1.27286,0.0,-1.27286,-1.27286,0.0,1.27286,1.27286,0.0
59,-1.29006,-1.29006,0.0,1.29006,1.29006,0.0,-1.29006,-1.29006,0.0,1.29006,1.29006,0.0
60,-1.30555,-1.30555,0.0,1.30555,1.30555,0.0,-1.30555,-1.30555,0.0,1.30555,1.30555,0.0
61,-1.31949,-1.31949,0.0,1.31949,1.31949,0.0,-1.31949,-1.31949,0.0,1.31949,1.31949,0.0
62,-1.33204,-1.33204,0.0,1.33204,1.33204,0.0,-1.33204,-1.33204,0.0,1.33204,1.33204,0.0
63,-1.34335,-1.34335,0.0,1.34335,1.34335,0.0,-1.34335,-1.34335,0.0,1.34335,1.34335,0.0
64,-1.35354,-1.35354,0.0,1.35354,1.35354,0.0,-1.35354,-1.35354,0.0,1.35354,1.35354,0.0
65,-1.36274,-1.36274,0.0,1.36274,1.36274,0.0,-1.36274,-1.36274,0.0,1.36274,1.36274,0.0
66,-1.37105,-1.37105,0.0,1.37105,1.37105,0.0,-1.37105,-1.37105,0.0,1.37105,1.37105,0.0
67,-1.37858,-1.37858,0.0,1.37858,1.37858,0.0,-1.37858,-1.37858,0.0,1.37858,1.37858,0.0
68,-1.3854,-1.3854,0.0,1.3854,1.3854,0.0,-1.3854,-1.3854,0.0,1.3854,1.3854,0.0
69,-1.39159,-1.39159,0.0,1.39159,1.39159,0.0,-1.39159,-1.39159,0.0,1.39159,1.39159,0.0
70,-1.39722,-1.39722,0.0,1.39722,1.39722,0.0,-1.39722,-1.39722,0.0,1.39722,1.39722,0.0
71,-1.40234,-1.40234,0.0,1.40234,1.40234,0.0,-1.40234,-1.40234,0.0,1.40234,1.40234,0.0
72,-1.407,-1.407,0.0,1.407,1.407,0.0,-1.407,-1.407,0.0,1.407,1.407,0.0
73,-1.41126,-1.41126,0.0,1.41126,1.41126,0.0,-1.41126,-1.41126,0.0,1.41126,1.41126,0.0
74,-1.41514,-1.41514,0.0,1.41514,1.41514,0.0,-1.41514,-1.41514,0.0,1.41514,1.41514,0.0
75,-1.41966,-1.41966,0.0,1.41966,1.41966,0.0,-1.41868,-1.41868,0.0,1.41868,1.41868,0.0
76,-1.42713,-1.42713,0.0,1.42713,1.42713,0.0,-1.42192,-1.42192,0.0,1.42192,1.42192,0.0
77,-1.43745,-1.43745,0.0,1.43745,1.43745,0.0,-1.42488,-1.42488,0.0,1.42488,1.42488,0.0
78,-1.4504,-1.4504,0.0,1.4504,1.4504,0.0,-1.42759,-1.42759,0.0,1.42759,1.42759,0.0
79,-1.46575,-1.46575,0.0,1.46575,1.46575,0.0,-1.43006,-1.43006,0.0,1.43006,1.43006,0.0
80,-1.48327,-1.48327,0.0,1.48327,1.48327,0.0,-1.43231,-1.43231,0.0,1.43231,1.43231,0.0
81,-1.50271,-1.50271,0.0,1.50271,1.50271,0.0,-1.43436,-1.43436,0.0,1.43436,1.43436,0.0
82,-1.52379,-1.52379,0.0,1.52379,1.52379,0.0,-1.43623,-1.43623,0.0,1.43623,1.43623,0.0
83,-1.54623,-1.54623,0.0,1.54623,1.54623,0.0,-1.43793,-1.43793,0.0,1.43793,1.43793,0.0
84,-1.56975,-1.56975,0.0,1.56975,1.56975,0.0,-1.43947,-1.43947,0.0,1.43947,1.43947,0.0
85,-1.59402,-1.59402,0.0,1.59402,1.59402,0.0,-1.44085,-1.44085,0.0,1.44085,1.44085,0.0
86,-1.61874,-1.61874,0.0,1.61874,1.61874,0.0,-1.44209,-1.44209,0.0,1.44209,1.44209,0.0
87,-1.6436,-1.6436,0.0,1.6436,1.6436,0.0,-1.4432,-1.4432,0.0,1.4432,1.4432,0.0
88,-1.66828,-1.66828,0.0,1.66828,1.66828,0.0,-1.44417,-1.44417,0.0,1.44417,1.44417,0.0
89,-1.69249,-1.69249,0.0,1.69249,1.69249,0.0,-1.44502,-1.44502,0.0,1.44502,1.44502,0.0
90,-1.71594,-1.71594,0.0,1.71594,1.71594,0.0,-1.44576,-1.44576,0.0,1.44576,1.44576,0.0
91,-1.73838,-1.73838,0.0,1.73838,1.73838,0.0,-1.44637,-1.44637,0.0,1.44637,1.44637,0.0
92,-1.75956,-1.75956,0.0,1.75956,1.75956,0.0,-1.44687,-1.44687,0.0,1.44687,1.44687,0.0
93,-1.77928,-1.77928,0.0,1.77928,1.77928,0.0,-1.44726,-1.44726,0.0,1.44726,1.44726,0.0
94,-1.79734,-1.79734,0.0,1.79734,1.79734,0.0,-1.44753,-1.44753,0.0,1.44753,1.44753,0.0
95,-1.81358,-1.81358,0.0,1.81358,1.81358,0.0,-1.4477,-1.4477,0.0,1.4477,1.4477,0.0
96,-1.82788,-1.82788,0.0,1.82788,1.82788,0.0,-1.44775,-1.44775,0.0,1.44775,1.44775,0.0
97,-1.84011,-1.84011,0.0,1.84011,1.84011,0.0,-1.44768,-1.44768,0.0,1.44768,1.44768,0.0
98,-1.85019,-1.85019,0.0,1.85019,1.85019,0.0,-1.44749,-1.44749,0.0,1.44749,1.44749,0.0
99,-1.85806,-1.85806,0.0,1.85806,1.85806,0.0,-1.44719,-1.44719,0.0,1.44719,1.44719,0.0
100,-1.86365,-1.86365,0.0,1.86365,1.86365,0.0,-1.44675,-1.44675,0.0,1.44675,1.44675,0.0
101,-1.86694,-1.86694,0.0,1.86694,1.86694,0.0,-1.44618,-1.44618,0.0,1.44618,1.44618,0.0
102,-1.86789,-1.86789,0.0,1.86789,1.86789,0.0,-1.44546,-1.44546,0.0,1.44546,1.44546,0.0
103,-1.86649,-1.86649,0.0,1.86649,1.86649,0.0,-1.44459,-1.44459,0.0,1.44459,1.44459,0.0
104,-1.86274,-1.86274,0.0,1.86274,1.86274,0.0,-1.44356,-1.44356,0.0,1.44356,1.44356,0.0
105,-1.85665,-1.85665,0.0,1.85665,1.85665,0.0,-1.44235,-1.44235,0.0,1.44235,1.44235,0.0
106,-1.84823,-1.84823,0.0,1.84823,1.84823,0.0,-1.44093,-1.44093,0.0,1.44093,1.44093,0.0
107,-1.83752,-1.83752,0.0,1.83752,1.83752,0.0,-1.43931,-1.43931,0.0,1.43931,1.43931,0.0
108,-1.82455,-1.82455,0.0,1.82455,1.82455,0.0,-1.43744,-1.43744,0.0,1.43744,1.43744,0.0
109,-1.80936,-1.80936,0.0,1.80936,1.80936,0.0,-1.43531,-1.43531,0.0,1.43531,1.43531,0.0
110,-1.79201,-1.79201,0.0,1.79201,1.79201,0.0,-1.43288,-1.43288,0.0,1.43288,1.43288,0.0
111,-1.77257,-1.77257,0.0,1.77257,1.77257,0.0,-1.43011,-1.43011,0.0,1.43011,1.43011,0.0
112,-1.75114,-1.75114,0.0,1.75114,1.75114,0.0,-1.42694,-1.42694,0.0,1.42694,1.42694,0.0
113,-1.72781,-1.72781,0.0,1.72781,1.72781,0.0,-1.42332,-1.42332,0.0,1.42332,1.42332,0.0
114,-1.70269,-1.70269,0.0,1.70269,1.70269,0.0,-1.41912,-1.41912,0.0,1.41912,1.41912,0.0
115,-1.67591,-1.67591,0.0,1.67591,1.67591,0.0,-1.41421,-1.41421,0.0,1.41421,1.41421,0.0
116,-1.64753,-1.64753,0.0,1.64753,1.64753,0.0,-1.40837,-1.40837,0.0,1.40837,1.40837,0.0
117,-1.61756,-1.61756,0.0,1.61756,1.61756,0.0,-1.40133,-1.40133,0.0,1.40133,1.40133,0.0
118,-1.58588,-1.58588,0.0,1.58588,1.58588,0.0,-1.39278,-1.39278,0.0,1.39278,1.39278,0.0
119,-1.55225,-1.55225,0.0,1.55225,1.55225,0.0,-1.38236,-1.38236,0.0,1.38236,1.38236,0.0
120,-1.51635,-1.51635,0.0,1.51635,1.51635,0.0,-1.36969,-1.36969,0.0,1.36969,1.36969,0.0
121,-1.47775,-1.47775,0.0,1.47775,1.47775,0.0,-1.35419,-1.35419,0.0,1.35419,1.35419,0.0
122,-1.43586,-1.43586,0.0,1.43586,1.43586,0.0,-1.33511,-1.33511,0.0,1.33511,1.33511,0.0
123,-1.38987,-1.38987,0.0,1.38987,1.38987,0.0,-1.31139,-1.31139,0.0,1.31139,1.31139,0.0
124,-1.33863,-1.33987,-0.0012399999999999078,1.33863,1.33987,0.0012399999999999078,-1.28144,-1.28144,0.0,1.28144,1.28144,0.0
125,-1.28039,-1.2898699999999999,-0.009479999999999933,1.28039,1.2898699999999999,0.009479999999999933,-1.24292,-1.24292,0.0,1.24292,1.24292,0.0
126,-1.21242,-1.2398699999999998,-0.027449999999999752,1.21242,1.2398699999999998,0.027449999999999752,-1.19216,-1.19292,-0.0007599999999998719,1.19216,1.19292,0.0007599999999998719
127,-1.13026,-1.1898699999999998,-0.05960999999999972,1.13026,1.1898699999999998,0.05960999999999972,-1.12316,-1.14292,-0.01976,1.12316,1.14292,0.01976
128,-1.02617,-1.1398699999999997,-0.11369999999999969,1.02617,1.1398699999999997,0.11369999999999969,-1.02584,-1.09292,-0.0670799999999998,1.02584,1.09292,0.0670799999999998
129,-0.882831,-1.0898699999999997,-0.20703899999999964,0.882831,1.0898699999999997,0.20703899999999964,-0.882831,-1.0429199999999998,-0.16008899999999981,0.882831,1.0429199999999998,0.16008899999999981
130,-0.665942,-1.0398699999999996,-0.3739279999999996,0.665941,1.0398699999999996,0.3739289999999996,-0.665942,-0.9929199999999998,-0.32697799999999977,0.665941,0.9929199999999998,0.3269789999999998
131,-0.344195,-0.9898699999999996,-0.6456749999999996,0.344192,0.9898699999999996,0.6456779999999995,-0.344195,-0.9429199999999998,-0.5987249999999997,0.344192,0.9429199999999998,0.5987279999999997
132,0.0632773,-0.9398699999999995,-1.0031472999999995,-0.0632814,0.9398699999999995,1.0031513999999995,0.063277,-0.8929199999999997,-0.9561969999999997,-0.063281,0.8929199999999997,0.9562009999999997
133,0.446204,-0.8898699999999995,-1.3360739999999995,-0.446201,0.8898699999999995,1.3360709999999996,0.446203,-0.8429199999999997,-1.2891229999999996,-0.446201,0.8429199999999997,1.2891209999999997
134,0.724752,-0.8398699999999995,-1.5646219999999995,-0.72475,0.8398699999999995,1.5646199999999995,0.724752,-0.7929199999999996,-1.5176719999999997,-0.72475,0.7929199999999996,1.5176699999999996
135,0.908981,-0.7898699999999994,-1.6988509999999994,-0.908981,0.7898699999999994,1.6988509999999994,0.908981,-0.7429199999999996,-1.6519009999999996,-0.908981,0.7429199999999996,1.6519009999999996
136,1.03178,-0.7398699999999994,-1.7716499999999993,-1.03178,0.7398699999999994,1.7716499999999993,1.03178,-0.6929199999999995,-1.7246999999999995,-1.03178,0.6929199999999995,1.7246999999999995
137,1.1169,-0.6898699999999993,-1.8067699999999993,-1.1169,0.6898699999999993,1.8067699999999993,1.1169,-0.6429199999999995,-1.7598199999999995,-1.1169,0.6429199999999995,1.7598199999999995
138,1.1784,-0.6398699999999993,-1.8182699999999992,-1.1784,0.6398699999999993,1.8182699999999992,1.1784,-0.5929199999999994,-1.7713199999999993,-1.1784,0.5929199999999994,1.7713199999999993
139,1.22448,-0.5898699999999992,-1.8143499999999992,-1.22448,0.5898699999999992,1.8143499999999992,1.22448,-0.5429199999999994,-1.7673999999999994,-1.22448,0.5429199999999994,1.7673999999999994
140,1.26007,-0.5398699999999992,-1.7999399999999992,-1.26007,0.5398699999999992,1.7999399999999992,1.26007,-0.4929199999999994,-1.7529899999999994,-1.26007,0.4929199999999994,1.7529899999999994
141,1.28826,-0.4898699999999992,-1.778129999999999,-1.28826,0.4898699999999992,1.778129999999999,1.28825,-0.4429199999999994,-1.7311699999999992,-1.28825,0.4429199999999994,1.7311699999999992
142,1.31103,-0.4398699999999992,-1.7508999999999992,-1.31103,0.4398699999999992,1.7508999999999992,1.31121,-0.39291999999999944,-1.7041299999999995,-1.31121,0.39291999999999944,1.7041299999999995
143,1.32976,-0.3898699999999992,-1.7196299999999993,-1.32976,0.3898699999999992,1.7196299999999993,1.33397,-0.34291999999999945,-1.6768899999999995,-1.33397,0.34291999999999945,1.6768899999999995
144,1.34537,-0.33986999999999923,-1.6852399999999992,-1.34537,0.33986999999999923,1.6852399999999992,1.35816,-0.29291999999999946,-1.6510799999999994,-1.35816,0.29291999999999946,1.6510799999999994
145,1.35855,-0.28986999999999924,-1.648419999999999,-1.35855,0.28986999999999924,1.648419999999999,1.38368,-0.24291999999999947,-1.6265999999999994,-1.38368,0.24291999999999947,1.6265999999999994
146,1.36979,-0.23986999999999925,-1.6096599999999994,-1.36979,0.23986999999999925,1.6096599999999994,1.41037,-0.19291999999999948,-1.6032899999999994,-1.41037,0.19291999999999948,1.6032899999999994
147,1.37945,-0.18986999999999926,-1.5693199999999994,-1.37945,0.18986999999999926,1.5693199999999994,1.43806,-0.1429199999999995,-1.5809799999999994,-1.43806,0.1429199999999995,1.5809799999999994
148,1.38783,-0.13986999999999927,-1.5276999999999992,-1.38783,0.13986999999999927,1.5276999999999992,1.46657,-0.09291999999999949,-1.5594899999999994,-1.46657,0.09291999999999949,1.5594899999999994
149,1.39512,-0.08986999999999927,-1.4849899999999991,-1.39512,0.08986999999999927,1.4849899999999991,1.49567,-0.042919999999999486,-1.5385899999999995,-1.49567,0.042919999999999486,1.5385899999999995
150,1.40152,-0.03986999999999927,-1.4413899999999993,-1.40152,0.03986999999999927,1.4413899999999993,1.52514,0.0070800000000005164,-1.5180599999999995,-1.52514,-0.0070800000000005164,1.5180599999999995
151,1.40715,0.010130000000000736,-1.3970199999999993,-1.40715,-0.010130000000000736,1.3970199999999993,1.55474,0.05708000000000052,-1.4976599999999995,-1.55474,-0.05708000000000052,1.4976599999999995
152,1.41212,0.06013000000000074,-1.3519899999999994,-1.41212,-0.06013000000000074,1.3519899999999994,1.58421,0.10708000000000052,-1.4771299999999994,-1.58421,-0.10708000000000052,1.4771299999999994
153,1.41651,0.11013000000000074,-1.3063799999999992,-1.41651,-0.11013000000000074,1.3063799999999992,1.6133,0.15708000000000052,-1.4562199999999994,-1.6133,-0.15708000000000052,1.4562199999999994
154,1.42042,0.16013000000000074,-1.2602899999999992,-1.42042,-0.16013000000000074,1.2602899999999992,1.64177,0.20708000000000054,-1.4346899999999994,-1.64177,-0.20708000000000054,1.4346899999999994
155,1.42388,0.21013000000000076,-1.2137499999999992,-1.42388,-0.21013000000000076,1.2137499999999992,1.66936,0.25708000000000053,-1.4122799999999995,-1.66936,-0.25708000000000053,1.4122799999999995
156,1.42696,0.26013000000000075,-1.1668299999999991,-1.42696,-0.26013000000000075,1.1668299999999991,1.69585,0.3070800000000005,-1.3887699999999996,-1.69585,-0.3070800000000005,1.3887699999999996
157,1.42969,0.31013000000000074,-1.1195599999999992,-1.42969,-0.31013000000000074,1.1195599999999992,1.72104,0.3570800000000005,-1.3639599999999994,-1.72104,-0.3570800000000005,1.3639599999999994
158,1.43211,0.3601300000000007,-1.0719799999999993,-1.43211,-0.3601300000000007,1.0719799999999993,1.74472,0.4070800000000005,-1.3376399999999995,-1.74472,-0.4070800000000005,1.3376399999999995
159,1.43424,0.4101300000000007,-1.0241099999999992,-1.43424,-0.4101300000000007,1.0241099999999992,1.76672,0.4570800000000005,-1.3096399999999995,-1.76672,-0.4570800000000005,1.3096399999999995
160,1.43611,0.4601300000000007,-0.9759799999999993,-1.43611,-0.4601300000000007,0.9759799999999993,1.78692,0.5070800000000005,-1.2798399999999996,-1.78692,-0.5070800000000005,1.2798399999999996
161,1.43775,0.5101300000000007,-0.9276199999999993,-1.43775,-0.5101300000000007,0.9276199999999993,1.80517,0.5570800000000006,-1.2480899999999995,-1.80517,-0.5570800000000006,1.2480899999999995
162,1.43916,0.5601300000000008,-0.8790299999999992,-1.43916,-0.5601300000000008,0.8790299999999992,1.82138,0.6070800000000006,-1.2142999999999993,-1.82138,-0.6070800000000006,1.2142999999999993
163,1.44036,0.6101300000000008,-0.8302299999999992,-1.44036,-0.6101300000000008,0.8302299999999992,1.83547,0.6570800000000007,-1.1783899999999994,-1.83547,-0.6570800000000007,1.1783899999999994
164,1.44136,0.6601300000000009,-0.7812299999999991,-1.44136,-0.6601300000000009,0.7812299999999991,1.84736,0.7070800000000007,-1.1402799999999993,-1.84737,-0.7070800000000007,1.1402899999999994
165,1.44217,0.7101300000000009,-0.732039999999999,-1.44217,-0.7101300000000009,0.732039999999999,1.85703,0.7570800000000008,-1.0999499999999993,-1.85703,-0.7570800000000008,1.0999499999999993
166,1.44279,0.760130000000001,-0.682659999999999,-1.44279,-0.760130000000001,0.682659999999999,1.86441,0.8070800000000008,-1.057329999999999,-1.86441,-0.8070800000000008,1.057329999999999
167,1.44324,0.810130000000001,-0.6331099999999991,-1.44324,-0.810130000000001,0.6331099999999991,1.86951,0.8570800000000008,-1.0124299999999993,-1.86951,-0.8570800000000008,1.0124299999999993
168,1.44351,0.8601300000000011,-0.583379999999999,-1.44351,-0.8601300000000011,0.583379999999999,1.8723,0.9070800000000009,-0.9652199999999992,-1.8723,-0.9070800000000009,0.9652199999999992
169,1.4436,0.9101300000000011,-0.5334699999999989,-1.4436,-0.9101300000000011,0.5334699999999989,1.87277,0.9570800000000009,-0.9156899999999991,-1.87277,-0.9570800000000009,0.9156899999999991
170,1.4435,0.9601300000000011,-0.48336999999999886,-1.4435,-0.9601300000000011,0.48336999999999886,1.87095,1.0070800000000009,-0.863869999999999,-1.87095,-1.0070800000000009,0.863869999999999
171,1.44323,1.010130000000001,-0.43309999999999893,-1.44323,-1.010130000000001,0.43309999999999893,1.86684,1.057080000000001,-0.8097599999999991,-1.86684,-1.057080000000001,0.8097599999999991
172,1.44276,1.0601300000000011,-0.3826299999999989,-1.44276,-1.0601300000000011,0.3826299999999989,1.86046,1.107080000000001,-0.753379999999999,-1.86046,-1.107080000000001,0.753379999999999
173,1.44209,1.1101300000000012,-0.3319599999999989,-1.44209,-1.1101300000000012,0.3319599999999989,1.85184,1.157080000000001,-0.6947599999999989,-1.85184,-1.157080000000001,0.6947599999999989
174,1.44121,1.1601300000000012,-0.2810799999999989,-1.44121,-1.1601300000000012,0.2810799999999989,1.84104,1.207080000000001,-0.633959999999999,-1.84104,-1.207080000000001,0.633959999999999
175,1.4401,1.2101300000000013,-0.22996999999999868,-1.4401,-1.2101300000000013,0.22996999999999868,1.82808,1.257080000000001,-0.5709999999999988,-1.82808,-1.257080000000001,0.5709999999999988
176,1.43875,1.2601300000000013,-0.17861999999999867,-1.43875,-1.2601300000000013,0.17861999999999867,1.81305,1.3070800000000011,-0.5059699999999989,-1.81305,-1.3070800000000011,0.5059699999999989
177,1.43714,1.3101300000000013,-0.12700999999999874,-1.43714,-1.3101300000000013,0.12700999999999874,1.79599,1.3570800000000012,-0.4389099999999988,-1.79599,-1.3570800000000012,0.4389099999999988
178,1.43524,1.3601300000000014,-0.07510999999999868,-1.43524,-1.3601300000000014,0.07510999999999868,1.77701,1.4070800000000012,-0.36992999999999876,-1.77701,-1.4070800000000012,0.36992999999999876
179,1.43301,1.4101300000000014,-0.022879999999998457,-1.43301,-1.4101300000000014,0.022879999999998457,1.7562,1.4570800000000013,-0.2991199999999987,-1.7562,-1.4570800000000013,0.2991199999999987
180,1.43042,1.43042,0.0,-1.43042,-1.43042,0.0,1.73367,1.5070800000000013,-0.22658999999999874,-1.73367,-1.5070800000000013,0.22658999999999874
181,1.4274,1.4274,0.0,-1.4274,-1.4274,0.0,1.70956,1.5570800000000014,-0.15247999999999862,-1.70956,-1.5570800000000014,0.15247999999999862
182,1.42386,1.42386,0.0,-1.42386,-1.42386,0.0,1.684,1.6070800000000014,-0.07691999999999855,-1.684,-1.6070800000000014,0.07691999999999855
183,1.41968,1.41968,0.0,-1.41968,-1.41968,0.0,1.65714,1.6570800000000014,-5.9999999998616715e-05,-1.65714,-1.6570800000000014,5.9999999998616715e-05
184,1.41467,1.41467,0.0,-1.41467,-1.41467,0.0,1.62909,1.62909,0.0,-1.62909,-1.62909,0.0
185,1.40861,1.40861,0.0,-1.40861,-1.40861,0.0,1.59987,1.59987,0.0,-1.59987,-1.59987,0.0
186,1.40123,1.40123,0.0,-1.40123,-1.40123,0.0,1.56944,1.56944,0.0,-1.56944,-1.56944,0.0
187,1.39226,1.39226,0.0,-1.39226,-1.39226,0.0,1.53764,1.53764,0.0,-1.53764,-1.53764,0.0
188,1.3814,1.3814,0.0,-1.3814,-1.3814,0.0,1.50428,1.50428,0.0,-1.50428,-1.50428,0.0
189,1.36822,1.36822,0.0,-1.36822,-1.36822,0.0,1.46912,1.46912,0.0,-1.46912,-1.46912,0.0
190,1.35217,1.35217,0.0,-1.35217,-1.35217,0.0,1.43182,1.43182,0.0,-1.43182,-1.43182,0.0
191,1.33248,1.33248,0.0,-1.33248,-1.33248,0.0,1.39194,1.39194,0.0,-1.39194,-1.39194,0.0
192,1.30806,1.30806,0.0,-1.30806,-1.30806,0.0,1.34886,1.34886,0.0,-1.34886,-1.34886,0.0
193,1.27734,1.27734,0.0,-1.27734,-1.27734,0.0,1.30166,1.30166,0.0,-1.30166,-1.30166,0.0
194,1.23795,1.23795,0.0,-1.23795,-1.23795,0.0,1.24895,1.25166,0.00270999999999999,-1.24895,-1.25166,-0.00270999999999999
195,1.18622,1.18795,0.0017300000000000093,-1.18622,-1.18795,-0.0017300000000000093,1.1885,1.20166,0.01316000000000006,-1.1885,-1.20166,-0.01316000000000006
196,1.11624,1.13795,0.021710000000000118,-1.11624,-1.13795,-0.021710000000000118,1.11624,1.15166,0.03542000000000001,-1.11624,-1.15166,-0.03542000000000001
197,1.01814,1.08795,0.06980999999999993,-1.01814,-1.08795,-0.06980999999999993,1.01814,1.1016599999999999,0.08351999999999982,-1.01814,-1.1016599999999999,-0.08351999999999982
198,0.875234,1.03795,0.16271599999999997,-0.875234,-1.03795,-0.16271599999999997,0.875234,1.0516599999999998,0.17642599999999986,-0.875234,-1.0516599999999998,-0.17642599999999986
199,0.661175,0.9879499999999999,0.3267749999999999,-0.661174,-0.9879499999999999,-0.32677599999999984,0.661175,1.0016599999999998,0.3404849999999998,-0.661174,-1.0016599999999998,-0.34048599999999973
200,0.348166,0.9379499999999998,0.5897839999999999,-0.348163,-0.9379499999999998,-0.5897869999999998,0.348166,0.9516599999999997,0.6034939999999998,-0.348163,-0.9516599999999997,-0.6034969999999997
201,-0.045662,0.8879499999999998,0.9336119999999998,0.0456656,-0.8879499999999998,-0.9336155999999998,-0.0456621,0.9016599999999997,0.9473220999999997,0.0456656,-0.9016599999999997,-0.9473255999999997
202,-0.420093,0.8379499999999998,1.2580429999999998,0.420091,-0.8379499999999998,-1.2580409999999997,-0.420093,0.8516599999999996,1.2717529999999997,0.420092,-0.8516599999999996,-1.2717519999999998
203,-0.698109,0.7879499999999997,1.4860589999999996,0.698107,-0.7879499999999997,-1.4860569999999997,-0.698109,0.8016599999999996,1.4997689999999997,0.698107,-0.8016599999999996,-1.4997669999999996
204,-0.884933,0.7379499999999997,1.6228829999999996,0.884932,-0.7379499999999997,-1.6228819999999997,-0.884933,0.7516599999999996,1.6365929999999995,0.884932,-0.7516599999999996,-1.6365919999999996
205,-1.01062,0.6879499999999996,1.6985699999999997,1.01062,-0.6879499999999996,-1.6985699999999997,-1.01062,0.7016599999999995,1.7122799999999996,1.01062,-0.7016599999999995,-1.7122799999999996
206,-1.09819,0.6379499999999996,1.7361399999999996,1.09819,-0.6379499999999996,-1.7361399999999996,-1.09819,0.6516599999999995,1.7498499999999995,1.09819,-0.6516599999999995,-1.7498499999999995
207,-1.16164,0.5879499999999995,1.7495899999999995,1.16164,-0.5879499999999995,-1.7495899999999995,-1.16164,0.6016599999999994,1.7632999999999994,1.16164,-0.6016599999999994,-1.7632999999999994
208,-1.20927,0.5379499999999995,1.7472199999999996,1.20927,-0.5379499999999995,-1.7472199999999996,-1.20927,0.5516599999999994,1.7609299999999994,1.20927,-0.5516599999999994,-1.7609299999999994
209,-1.24608,0.4879499999999995,1.7340299999999995,1.24608,-0.4879499999999995,-1.7340299999999995,-1.24608,0.5016599999999993,1.7477399999999994,1.24608,-0.5016599999999993,-1.7477399999999994
210,-1.27707,0.4379499999999995,1.7150199999999995,1.27707,-0.4379499999999995,-1.7150199999999995,-1.27525,0.45165999999999934,1.7269099999999993,1.27525,-0.45165999999999934,-1.7269099999999993
211,-1.30803,0.3879499999999995,1.6959799999999996,1.30803,-0.3879499999999995,-1.6959799999999996,-1.29883,0.40165999999999935,1.7004899999999994,1.29883,-0.40165999999999935,-1.7004899999999994
212,-1.33942,0.33794999999999953,1.6773699999999996,1.33942,-0.33794999999999953,-1.6773699999999996,-1.31821,0.35165999999999936,1.6698699999999995,1.31821,-0.35165999999999936,-1.6698699999999995
213,-1.37134,0.28794999999999954,1.6592899999999995,1.37134,-0.28794999999999954,-1.6592899999999995,-1.33437,0.3016599999999994,1.6360299999999994,1.33437,-0.3016599999999994,-1.6360299999999994
214,-1.40377,0.23794999999999955,1.6417199999999994,1.40377,-0.23794999999999955,-1.6417199999999994,-1.348,0.2516599999999994,1.5996599999999994,1.348,-0.2516599999999994,-1.5996599999999994
215,-1.43664,0.18794999999999956,1.6245899999999995,1.43664,-0.18794999999999956,-1.6245899999999995,-1.35962,0.2016599999999994,1.5612799999999996,1.35962,-0.2016599999999994,-1.5612799999999996
216,-1.46983,0.13794999999999957,1.6077799999999995,1.46983,-0.13794999999999957,-1.6077799999999995,-1.3696,0.1516599999999994,1.5212599999999994,1.3696,-0.1516599999999994,-1.5212599999999994
217,-1.50315,0.08794999999999957,1.5910999999999995,1.50315,-0.08794999999999957,-1.5910999999999995,-1.37824,0.1016599999999994,1.4798999999999993,1.37824,-0.1016599999999994,-1.4798999999999993
218,-1.5364,0.03794999999999957,1.5743499999999995,1.5364,-0.03794999999999957,-1.5743499999999995,-1.38576,0.0516599999999994,1.4374199999999995,1.38576,-0.0516599999999994,-1.4374199999999995
219,-1.56936,-0.012050000000000435,1.5573099999999998,1.56936,0.012050000000000435,-1.5573099999999998,-1.39234,0.001659999999999398,1.3939999999999992,1.39234,-0.001659999999999398,-1.3939999999999992
220,-1.60179,-0.06205000000000044,1.5397399999999997,1.60179,0.06205000000000044,-1.5397399999999997,-1.39812,-0.048340000000000605,1.3497799999999995,1.39812,0.048340000000000605,-1.3497799999999995
221,-1.63344,-0.11205000000000044,1.5213899999999996,1.63344,0.11205000000000044,-1.5213899999999996,-1.40321,-0.09834000000000061,1.3048699999999995,1.40321,0.09834000000000061,-1.3048699999999995
222,-1.66407,-0.16205000000000044,1.5020199999999995,1.66407,0.16205000000000044,-1.5020199999999995,-1.4077,-0.1483400000000006,1.2593599999999994,1.4077,0.1483400000000006,-1.2593599999999994
223,-1.69346,-0.21205000000000046,1.4814099999999994,1.69346,0.21205000000000046,-1.4814099999999994,-1.41167,-0.19834000000000063,1.2133299999999994,1.41167,0.19834000000000063,-1.2133299999999994
224,-1.7214,-0.26205000000000045,1.4593499999999997,1.7214,0.26205000000000045,-1.4593499999999997,-1.41517,-0.24834000000000062,1.1668299999999994,1.41517,0.24834000000000062,-1.1668299999999994
225,-1.74769,-0.31205000000000044,1.4356399999999996,1.74769,0.31205000000000044,-1.4356399999999996,-1.41827,-0.2983400000000006,1.1199299999999992,1.41827,0.2983400000000006,-1.1199299999999992
226,-1.77218,-0.3620500000000004,1.4101299999999997,1.77218,0.3620500000000004,-1.4101299999999997,-1.421,-0.3483400000000006,1.0726599999999995,1.421,0.3483400000000006,-1.0726599999999995
227,-1.79471,-0.4120500000000004,1.3826599999999996,1.79471,0.4120500000000004,-1.3826599999999996,-1.42339,-0.3983400000000006,1.0250499999999994,1.42339,0.3983400000000006,-1.0250499999999994
228,-1.81516,-0.4620500000000004,1.3531099999999996,1.81516,0.4620500000000004,-1.3531099999999996,-1.42548,-0.44834000000000057,0.9771399999999995,1.42548,0.44834000000000057,-0.9771399999999995
229,-1.83344,-0.5120500000000004,1.3213899999999996,1.83344,0.5120500000000004,-1.3213899999999996,-1.42728,-0.49834000000000056,0.9289399999999995,1.42728,0.49834000000000056,-0.9289399999999995
230,-1.84947,-0.5620500000000005,1.2874199999999996,1.84947,0.5620500000000005,-1.2874199999999996,-1.42882,-0.5483400000000006,0.8804799999999994,1.42882,0.5483400000000006,-0.8804799999999994
231,-1.86319,-0.6120500000000005,1.2511399999999995,1.86319,0.6120500000000005,-1.2511399999999995,-1.43012,-0.5983400000000006,0.8317799999999994,1.43012,0.5983400000000006,-0.8317799999999994
232,-1.87456,-0.6620500000000006,1.2125099999999995,1.87456,0.6620500000000006,-1.2125099999999995,-1.43118,-0.6483400000000007,0.7828399999999992,1.43118,0.6483400000000007,-0.7828399999999992
233,-1.88354,-0.7120500000000006,1.1714899999999995,1.88354,0.7120500000000006,-1.1714899999999995,-1.43202,-0.6983400000000007,0.7336799999999993,1.43202,0.6983400000000007,-0.7336799999999993
234,-1.89012,-0.7620500000000007,1.1280699999999992,1.89012,0.7620500000000007,-1.1280699999999992,-1.43263,-0.7483400000000008,0.6842899999999993,1.43263,0.7483400000000008,-0.6842899999999993
235,-1.89428,-0.8120500000000007,1.0822299999999991,1.89428,0.8120500000000007,-1.0822299999999991,-1.43304,-0.7983400000000008,0.6346999999999993,1.43304,0.7983400000000008,-0.6346999999999993
236,-1.89603,-0.8620500000000008,1.0339799999999992,1.89603,0.8620500000000008,-1.0339799999999992,-1.43323,-0.8483400000000009,0.5848899999999991,1.43323,0.8483400000000009,-0.5848899999999991
237,-1.89537,-0.9120500000000008,0.9833199999999992,1.89537,0.9120500000000008,-0.9833199999999992,-1.4332,-0.8983400000000009,0.5348599999999991,1.4332,0.8983400000000009,-0.5348599999999991
238,-1.8923,-0.9620500000000008,0.9302499999999992,1.8923,0.9620500000000008,-0.9302499999999992,-1.43295,-0.948340000000001,0.484609999999999,1.43295,0.948340000000001,-0.484609999999999
239,-1.88685,-1.0120500000000008,0.8747999999999991,1.88685,1.0120500000000008,-0.8747999999999991,-1.43248,-0.998340000000001,0.43413999999999897,1.43248,0.998340000000001,-0.43413999999999897
240,-1.87904,-1.0620500000000008,0.8169899999999992,1.87904,1.0620500000000008,-0.8169899999999992,-1.43177,-1.048340000000001,0.38342999999999905,1.43177,1.048340000000001,-0.38342999999999905
241,-1.86889,-1.1120500000000009,0.7568399999999991,1.86889,1.1120500000000009,-0.7568399999999991,-1.43082,-1.098340000000001,0.332479999999999,1.43082,1.098340000000001,-0.332479999999999
242,-1.85645,-1.162050000000001,0.694399999999999,1.85645,1.162050000000001,-0.694399999999999,-1.42959,-1.148340000000001,0.2812499999999989,1.42959,1.148340000000001,-0.2812499999999989
243,-1.84175,-1.212050000000001,0.629699999999999,1.84175,1.212050000000001,-0.629699999999999,-1.42808,-1.198340000000001,0.22973999999999895,1.42808,1.198340000000001,-0.22973999999999895
244,-1.82484,-1.262050000000001,0.562789999999999,1.82484,1.262050000000001,-0.562789999999999,-1.42626,-1.2483400000000011,0.17791999999999897,1.42626,1.2483400000000011,-0.17791999999999897
245,-1.80578,-1.312050000000001,0.4937299999999989,1.80578,1.312050000000001,-0.4937299999999989,-1.4241,-1.2983400000000012,0.12575999999999876,1.4241,1.2983400000000012,-0.12575999999999876
246,-1.78466,-1.362050000000001,0.4226099999999988,1.78466,1.362050000000001,-0.4226099999999988,-1.42155,-1.3483400000000012,0.07320999999999889,1.42155,1.3483400000000012,-0.07320999999999889
247,-1.76155,-1.4120500000000011,0.3494999999999988,1.76155,1.4120500000000011,-0.3494999999999988,-1.41856,-1.3983400000000012,0.020219999999998794,1.41856,1.3983400000000012,-0.020219999999998794
248,-1.73657,-1.4620500000000012,0.27451999999999877,1.73657,1.4620500000000012,-0.27451999999999877,-1.41507,-1.41507,0.0,1.41507,1.41507,0.0
249,-1.70983,-1.5120500000000012,0.19777999999999873,1.70983,1.5120500000000012,-0.19777999999999873,-1.41095,-1.41095,0.0,1.41095,1.41095,0.0
250,-1.68144,-1.5620500000000013,0.11938999999999877,1.68144,1.5620500000000013,-0.11938999999999877,-1.40605,-1.40605,0.0,1.40605,1.40605,0.0
251,-1.65147,-1.6120500000000013,0.03941999999999868,1.65147,1.6120500000000013,-0.03941999999999868,-1.40015,-1.40015,0.0,1.40015,1.40015,0.0
252,-1.61992,-1.61992,0.0,1.61992,1.61992,0.0,-1.39296,-1.39296,0.0,1.39296,1.39296,0.0
253,-1.58663,-1.58663,0.0,1.58663,1.58663,0.0,-1.38412,-1.38412,0.0,1.38412,1.38412,0.0
254,-1.55134,-1.55134,0.0,1.55134,1.55134,0.0,-1.37329,-1.37329,0.0,1.37329,1.37329,0.0
255,-1.51366,-1.51366,0.0,1.51366,1.51366,0.0,-1.36001,-1.36001,0.0,1.36001,1.36001,0.0
256,-1.47311,-1.47311,0.0,1.47311,1.47311,0.0,-1.34368,-1.34368,0.0,1.34368,1.34368,0.0
257,-1.42902,-1.42902,0.0,1.42902,1.42902,0.0,-1.32348,-1.32348,0.0,1.32348,1.32348,0.0
258,-1.38045,-1.38045,0.0,1.38045,1.38045,0.0,-1.29821,-1.29821,0.0,1.29821,1.29821,0.0
259,-1.32608,-1.33045,-0.004369999999999985,1.32608,1.33045,0.004369999999999985,-1.26614,-1.26614,0.0,1.26614,1.26614,0.0
260,-1.2639,-1.2804499999999999,-0.016549999999999843,1.2639,1.2804499999999999,0.016549999999999843,-1.22462,-1.22462,0.0,1.22462,1.22462,0.0
261,-1.19074,-1.2304499999999998,-0.03970999999999991,1.19074,1.2304499999999998,0.03970999999999991,-1.1695,-1.17462,-0.005120000000000013,1.1695,1.17462,0.005120000000000013
262,-1.10139,-1.1804499999999998,-0.07905999999999969,1.10139,1.1804499999999998,0.07905999999999969,-1.09396,-1.12462,-0.03065999999999991,1.09396,1.12462,0.03065999999999991
263,-0.986813,-1.1304499999999997,-0.14363699999999968,0.986813,1.1304499999999997,0.14363699999999968,-0.986478,-1.07462,-0.08814199999999994,0.986478,1.07462,0.08814199999999994
264,-0.82742,-1.0804499999999997,-0.25302999999999964,0.82742,1.0804499999999997,0.25302999999999964,-0.82742,-1.0246199999999999,-0.19719999999999982,0.82742,1.0246199999999999,0.19719999999999982
265,-0.586851,-1.0304499999999996,-0.44359899999999963,0.58685,1.0304499999999996,0.44359999999999966,-0.586851,-0.9746199999999998,-0.3877689999999998,0.58685,0.9746199999999998,0.38776999999999984
266,-0.240741,-0.9804499999999996,-0.7397089999999996,0.240738,0.9804499999999996,0.7397119999999996,-0.240742,-0.9246199999999998,-0.6838779999999998,0.240738,0.9246199999999998,0.6838819999999998
267,0.167492,-0.9304499999999996,-1.0979419999999995,-0.167495,0.9304499999999996,1.0979449999999995,0.167492,-0.8746199999999997,-1.0421119999999997,-0.167494,0.8746199999999997,1.0421139999999998
268,0.523581,-0.8804499999999995,-1.4040309999999994,-0.523578,0.8804499999999995,1.4040279999999994,0.523581,-0.8246199999999997,-1.3482009999999995,-0.523578,0.8246199999999997,1.3481979999999996
269,0.774329,-0.8304499999999995,-1.6047789999999995,-0.774328,0.8304499999999995,1.6047779999999996,0.774329,-0.7746199999999996,-1.5489489999999997,-0.774328,0.7746199999999996,1.5489479999999998
270,0.94037,-0.7804499999999994,-1.7208199999999994,-0.94037,0.7804499999999994,1.7208199999999994,0.94037,-0.7246199999999996,-1.6649899999999995,-0.94037,0.7246199999999996,1.6649899999999995
271,1.05239,-0.7304499999999994,-1.7828399999999993,-1.05239,0.7304499999999994,1.7828399999999993,1.05239,-0.6746199999999996,-1.7270099999999995,-1.05239,0.6746199999999996,1.7270099999999995
272,1.13105,-0.6804499999999993,-1.8114999999999994,-1.13105,0.6804499999999993,1.8114999999999994,1.13105,-0.6246199999999995,-1.7556699999999996,-1.13105,0.6246199999999995,1.7556699999999996
273,1.18851,-0.6304499999999993,-1.8189599999999992,-1.18851,0.6304499999999993,1.8189599999999992,1.18851,-0.5746199999999995,-1.7631299999999994,-1.18851,0.5746199999999995,1.7631299999999994
274,1.23196,-0.5804499999999992,-1.8124099999999992,-1.23196,0.5804499999999992,1.8124099999999992,1.23196,-0.5246199999999994,-1.7565799999999994,-1.23196,0.5246199999999994,1.7565799999999994
275,1.26577,-0.5304499999999992,-1.7962199999999993,-1.26577,0.5304499999999992,1.7962199999999993,1.26577,-0.47461999999999943,-1.7403899999999994,-1.26577,0.47461999999999943,1.7403899999999994
276,1.29269,-0.4804499999999992,-1.773139999999999,-1.29269,0.4804499999999992,1.773139999999999,1.29269,-0.42461999999999944,-1.7173099999999994,-1.29269,0.42461999999999944,1.7173099999999994
277,1.31456,-0.4304499999999992,-1.7450099999999993,-1.31456,0.4304499999999992,1.7450099999999993,1.31474,-0.37461999999999945,-1.6893599999999995,-1.31474,0.37461999999999945,1.6893599999999995
278,1.33261,-0.38044999999999923,-1.7130599999999994,-1.33261,0.38044999999999923,1.7130599999999994,1.33677,-0.32461999999999946,-1.6613899999999995,-1.33677,0.32461999999999946,1.6613899999999995
279,1.34771,-0.33044999999999924,-1.6781599999999992,-1.34771,0.33044999999999924,1.6781599999999992,1.36038,-0.2746199999999995,-1.6349999999999993,-1.36038,0.2746199999999995,1.6349999999999993
280,1.3605,-0.28044999999999926,-1.6409499999999992,-1.3605,0.28044999999999926,1.6409499999999992,1.38541,-0.2246199999999995,-1.6100299999999996,-1.38541,0.2246199999999995,1.6100299999999996
281,1.37142,-0.23044999999999927,-1.6018699999999995,-1.37142,0.23044999999999927,1.6018699999999995,1.41169,-0.1746199999999995,-1.5863099999999994,-1.41169,0.1746199999999995,1.5863099999999994
282,1.38084,-0.18044999999999928,-1.5612899999999994,-1.38084,0.18044999999999928,1.5612899999999994,1.43904,-0.1246199999999995,-1.5636599999999996,-1.43904,0.1246199999999995,1.5636599999999996
283,1.38901,-0.1304499999999993,-1.5194599999999994,-1.38901,0.1304499999999993,1.5194599999999994,1.46725,-0.07461999999999949,-1.5418699999999994,-1.46725,0.07461999999999949,1.5418699999999994
284,1.39615,-0.08044999999999929,-1.4765999999999992,-1.39615,0.08044999999999929,1.4765999999999992,1.49611,-0.02461999999999949,-1.5207299999999995,-1.49611,0.02461999999999949,1.5207299999999995
285,1.40241,-0.030449999999999283,-1.4328599999999991,-1.40241,0.030449999999999283,1.4328599999999991,1.52538,0.025380000000000513,-1.4999999999999996,-1.52538,-0.025380000000000513,1.4999999999999996
286,1.40792,0.01955000000000072,-1.3883699999999994,-1.40792,-0.01955000000000072,1.3883699999999994,1.55482,0.07538000000000052,-1.4794399999999996,-1.55482,-0.07538000000000052,1.4794399999999996
287,1.4128,0.06955000000000072,-1.3432499999999994,-1.4128,-0.06955000000000072,1.3432499999999994,1.58415,0.12538000000000052,-1.4587699999999995,-1.58415,-0.12538000000000052,1.4587699999999995
288,1.41712,0.11955000000000073,-1.2975699999999992,-1.41712,-0.11955000000000073,1.2975699999999992,1.61313,0.17538000000000054,-1.4377499999999994,-1.61313,-0.17538000000000054,1.4377499999999994
289,1.42095,0.16955000000000073,-1.2513999999999992,-1.42095,-0.16955000000000073,1.2513999999999992,1.64151,0.22538000000000052,-1.4161299999999994,-1.64151,-0.22538000000000052,1.4161299999999994
290,1.42436,0.21955000000000074,-1.2048099999999993,-1.42436,-0.21955000000000074,1.2048099999999993,1.66904,0.2753800000000005,-1.3936599999999997,-1.66904,-0.2753800000000005,1.3936599999999997
291,1.42739,0.26955000000000073,-1.1578399999999993,-1.42739,-0.26955000000000073,1.1578399999999993,1.69548,0.3253800000000005,-1.3700999999999997,-1.69548,-0.3253800000000005,1.3700999999999997
292,1.43007,0.3195500000000007,-1.1105199999999993,-1.43007,-0.3195500000000007,1.1105199999999993,1.72063,0.3753800000000005,-1.3452499999999996,-1.72063,-0.3753800000000005,1.3452499999999996
293,1.43245,0.3695500000000007,-1.0628999999999993,-1.43245,-0.3695500000000007,1.0628999999999993,1.74428,0.4253800000000005,-1.3188999999999995,-1.74428,-0.4253800000000005,1.3188999999999995
294,1.43455,0.4195500000000007,-1.0149999999999992,-1.43455,-0.4195500000000007,1.0149999999999992,1.76628,0.47538000000000047,-1.2908999999999997,-1.76628,-0.47538000000000047,1.2908999999999997
295,1.4364,0.4695500000000007,-0.9668499999999992,-1.4364,-0.4695500000000007,0.9668499999999992,1.78647,0.5253800000000005,-1.2610899999999994,-1.78647,-0.5253800000000005,1.2610899999999994
296,1.438,0.5195500000000007,-0.9184499999999992,-1.438,-0.5195500000000007,0.9184499999999992,1.80472,0.5753800000000006,-1.2293399999999997,-1.80472,-0.5753800000000006,1.2293399999999997
297,1.43939,0.5695500000000008,-0.8698399999999992,-1.43939,-0.5695500000000008,0.8698399999999992,1.82094,0.6253800000000006,-1.1955599999999995,-1.82094,-0.6253800000000006,1.1955599999999995
298,1.44057,0.6195500000000008,-0.8210199999999991,-1.44057,-0.6195500000000008,0.8210199999999991,1.83504,0.6753800000000006,-1.1596599999999992,-1.83504,-0.6753800000000006,1.1596599999999992
299,1.44156,0.6695500000000009,-0.7720099999999991,-1.44156,-0.6695500000000009,0.7720099999999991,1.84696,0.7253800000000007,-1.1215799999999994,-1.84696,-0.7253800000000007,1.1215799999999994
300,1.44235,0.7195500000000009,-0.7227999999999991,-1.44235,-0.7195500000000009,0.7227999999999991,1.85664,0.7753800000000007,-1.0812599999999994,-1.85664,-0.7753800000000007,1.0812599999999994
301,1.44296,0.769550000000001,-0.6734099999999991,-1.44296,-0.769550000000001,0.6734099999999991,1.86404,0.8253800000000008,-1.0386599999999993,-1.86404,-0.8253800000000008,1.0386599999999993
302,1.4434,0.819550000000001,-0.623849999999999,-1.4434,-0.819550000000001,0.623849999999999,1.86916,0.8753800000000008,-0.9937799999999991,-1.86916,-0.8753800000000008,0.9937799999999991
303,1.44365,0.869550000000001,-0.574099999999999,-1.44365,-0.869550000000001,0.574099999999999,1.87197,0.9253800000000009,-0.946589999999999,-1.87197,-0.9253800000000009,0.946589999999999
304,1.44373,0.9195500000000011,-0.5241799999999989,-1.44373,-0.9195500000000011,0.5241799999999989,1.87247,0.9753800000000009,-0.8970899999999992,-1.87247,-0.9753800000000009,0.8970899999999992
305,1.44363,0.9695500000000011,-0.47407999999999884,-1.44363,-0.9695500000000011,0.47407999999999884,1.87067,1.0253800000000008,-0.8452899999999992,-1.87067,-1.0253800000000008,0.8452899999999992
306,1.44334,1.019550000000001,-0.423789999999999,-1.44334,-1.019550000000001,0.423789999999999,1.86657,1.075380000000001,-0.7911899999999992,-1.86657,-1.075380000000001,0.7911899999999992
307,1.44287,1.069550000000001,-0.373319999999999,-1.44287,-1.069550000000001,0.373319999999999,1.86022,1.125380000000001,-0.734839999999999,-1.86022,-1.125380000000001,0.734839999999999
308,1.44219,1.1195500000000012,-0.3226399999999989,-1.44219,-1.1195500000000012,0.3226399999999989,1.85163,1.175380000000001,-0.6762499999999991,-1.85163,-1.175380000000001,0.6762499999999991
309,1.44131,1.1695500000000012,-0.2717599999999989,-1.44131,-1.1695500000000012,0.2717599999999989,1.84084,1.225380000000001,-0.615459999999999,-1.84084,-1.225380000000001,0.615459999999999
310,1.4402,1.2195500000000012,-0.22064999999999868,-1.4402,-1.2195500000000012,0.22064999999999868,1.82791,1.275380000000001,-0.5525299999999989,-1.82791,-1.275380000000001,0.5525299999999989
311,1.43884,1.2695500000000013,-0.1692899999999986,-1.43884,-1.2695500000000013,0.1692899999999986,1.81289,1.3253800000000011,-0.4875099999999988,-1.81289,-1.3253800000000011,0.4875099999999988
312,1.43722,1.3195500000000013,-0.11766999999999861,-1.43722,-1.3195500000000013,0.11766999999999861,1.79585,1.3753800000000012,-0.4204699999999988,-1.79585,-1.3753800000000012,0.4204699999999988
313,1.43532,1.3695500000000014,-0.06576999999999855,-1.43532,-1.3695500000000014,0.06576999999999855,1.77689,1.4253800000000012,-0.3515099999999989,-1.77689,-1.4253800000000012,0.3515099999999989
314,1.43309,1.4195500000000014,-0.013539999999998553,-1.43309,-1.4195500000000014,0.013539999999998553,1.75609,1.4753800000000012,-0.2807099999999987,-1.7561,-1.4753800000000012,0.28071999999999875
315,1.43049,1.43049,0.0,-1.43049,-1.43049,0.0,1.73358,1.5253800000000013,-0.2081999999999986,-1.73358,-1.5253800000000013,0.2081999999999986
316,1.42747,1.42747,0.0,-1.42747,-1.42747,0.0,1.70949,1.5753800000000013,-0.13410999999999862,-1.70949,-1.5753800000000013,0.13410999999999862
317,1.42393,1.42393,0.0,-1.42393,-1.42393,0.0,1.68395,1.6253800000000014,-0.05856999999999868,-1.68395,-1.6253800000000014,0.05856999999999868
318,1.41975,1.41975,0.0,-1.41975,-1.41975,0.0,1.65711,1.65711,0.0,-1.65711,-1.65711,0.0
319,1.41474,1.41474,0.0,-1.41474,-1.41474,0.0,1.62906,1.62906,0.0,-1.62906,-1.62906,0.0
320,1.40868,1.40868,0.0,-1.40868,-1.40868,0.0,1.59986,1.59986,0.0,-1.59986,-1.59986,0.0
321,1.4013,1.4013,0.0,-1.4013,-1.4013,0.0,1.56944,1.56944,0.0,-1.56944,-1.56944,0.0
322,1.39233,1.39233,0.0,-1.39233,-1.39233,0.0,1.53766,1.53766,0.0,-1.53766,-1.53766,0.0
323,1.38147,1.38147,0.0,-1.38147,-1.38147,0.0,1.50431,1.50431,0.0,-1.50431,-1.50431,0.0
324,1.36829,1.36829,0.0,-1.36829,-1.36829,0.0,1.46915,1.46915,0.0,-1.46916,-1.46916,0.0
325,1.35224,1.35224,0.0,-1.35224,-1.35224,0.0,1.43187,1.43187,0.0,-1.43187,-1.43187,0.0
326,1.33255,1.33255,0.0,-1.33255,-1.33255,0.0,1.392,1.392,0.0,-1.392,-1.392,0.0
327,1.30814,1.30814,0.0,-1.30814,-1.30814,0.0,1.34893,1.34893,0.0,-1.34893,-1.34893,0.0
328,1.27743,1.27743,0.0,-1.27743,-1.27743,0.0,1.30174,1.30174,0.0,-1.30174,-1.30174,0.0
329,1.23805,1.23805,0.0,-1.23805,-1.23805,0.0,1.24905,1.2517399999999999,0.002689999999999859,-1.24905,-1.2517399999999999,-0.002689999999999859
330,1.18633,1.18805,0.0017199999999999438,-1.18633,-1.18805,-0.0017199999999999438,1.1886,1.2017399999999998,0.013139999999999707,-1.1886,-1.2017399999999998,-0.013139999999999707
331,1.11636,1.13805,0.021689999999999987,-1.11636,-1.13805,-0.021689999999999987,1.11636,1.1517399999999998,0.035379999999999745,-1.11636,-1.1517399999999998,-0.035379999999999745
332,1.01828,1.08805,0.06976999999999989,-1.01828,-1.08805,-0.06976999999999989,1.01828,1.1017399999999997,0.08345999999999965,-1.01828,-1.1017399999999997,-0.08345999999999965
333,0.875379,1.03805,0.1626709999999999,-0.875379,-1.03805,-0.1626709999999999,0.875379,1.0517399999999997,0.17636099999999966,-0.875379,-1.0517399999999997,-0.17636099999999966
334,0.661314,0.9880499999999999,0.3267359999999999,-0.661314,-0.9880499999999999,-0.3267359999999999,0.661314,1.0017399999999996,0.3404259999999997,-0.661314,-1.0017399999999996,-0.3404259999999997
335,0.348254,0.9380499999999998,0.5897959999999998,-0.348251,-0.9380499999999998,-0.5897989999999999,0.348253,0.9517399999999996,0.6034869999999997,-0.348251,-0.9517399999999996,-0.6034889999999996
336,-0.0456862,0.8880499999999998,0.9337361999999998,0.0456897,-0.8880499999999998,-0.9337396999999998,-0.0456862,0.9017399999999995,0.9474261999999996,0.0456898,-0.9017399999999995,-0.9474297999999995
337,-0.420214,0.8380499999999997,1.2582639999999996,0.420212,-0.8380499999999997,-1.2582619999999998,-0.420214,0.8517399999999995,1.2719539999999996,0.420212,-0.8517399999999995,-1.2719519999999995
338,-0.698263,0.7880499999999997,1.4863129999999996,0.698262,-0.7880499999999997,-1.4863119999999999,-0.698263,0.8017399999999995,1.5000029999999995,0.698262,-0.8017399999999995,-1.5000019999999994
339,-0.885085,0.7380499999999997,1.6231349999999996,0.885085,-0.7380499999999997,-1.6231349999999996,-0.885085,0.7517399999999994,1.6368249999999995,0.885085,-0.7517399999999994,-1.6368249999999995
340,-1.01076,0.6880499999999996,1.6988099999999997,1.01076,-0.6880499999999996,-1.6988099999999997,-1.01076,0.7017399999999994,1.7124999999999995,1.01076,-0.7017399999999994,-1.7124999999999995
341,-1.09832,0.6380499999999996,1.7363699999999995,1.09832,-0.6380499999999996,-1.7363699999999995,-1.09832,0.6517399999999993,1.7500599999999993,1.09832,-0.6517399999999993,-1.7500599999999993
342,-1.16176,0.5880499999999995,1.7498099999999994,1.16176,-0.5880499999999995,-1.7498099999999994,-1.16176,0.6017399999999993,1.7634999999999992,1.16176,-0.6017399999999993,-1.7634999999999992
343,-1.20937,0.5380499999999995,1.7474199999999995,1.20937,-0.5380499999999995,-1.7474199999999995,-1.20937,0.5517399999999992,1.7611099999999993,1.20937,-0.5517399999999992,-1.7611099999999993
344,-1.24618,0.4880499999999995,1.7342299999999995,1.24618,-0.4880499999999995,-1.7342299999999995,-1.24618,0.5017399999999992,1.7479199999999993,1.24618,-0.5017399999999992,-1.7479199999999993
345,-1.27716,0.4380499999999995,1.7152099999999995,1.27716,-0.4380499999999995,-1.7152099999999995,-1.27534,0.4517399999999992,1.727079999999999,1.27534,-0.4517399999999992,-1.727079999999999
346,-1.30812,0.3880499999999995,1.6961699999999995,1.30812,-0.3880499999999995,-1.6961699999999995,-1.29891,0.4017399999999992,1.700649999999999,1.29891,-0.4017399999999992,-1.700649999999999
347,-1.3395,0.3380499999999995,1.6775499999999994,1.3395,-0.3380499999999995,-1.6775499999999994,-1.31829,0.3517399999999992,1.6700299999999992,1.31829,-0.3517399999999992,-1.6700299999999992
348,-1.3714,0.28804999999999953,1.6594499999999994,1.3714,-0.28804999999999953,-1.6594499999999994,-1.33445,0.30173999999999923,1.6361899999999991,1.33445,-0.30173999999999923,-1.6361899999999991
349,-1.40382,0.23804999999999954,1.6418699999999995,1.40382,-0.23804999999999954,-1.6418699999999995,-1.34808,0.25173999999999924,1.5998199999999991,1.34808,-0.25173999999999924,-1.5998199999999991
350,-1.43669,0.18804999999999955,1.6247399999999996,1.43669,-0.18804999999999955,-1.6247399999999996,-1.35969,0.20173999999999925,1.5614299999999992,1.35969,-0.20173999999999925,-1.5614299999999992
351,-1.46986,0.13804999999999956,1.6079099999999995,1.46986,-0.13804999999999956,-1.6079099999999995,-1.36967,0.15173999999999926,1.5214099999999993,1.36967,-0.15173999999999926,-1.5214099999999993
352,-1.50317,0.08804999999999956,1.5912199999999994,1.50317,-0.08804999999999956,-1.5912199999999994,-1.37831,0.10173999999999926,1.4800499999999992,1.37831,-0.10173999999999926,-1.4800499999999992
353,-1.53642,0.038049999999999556,1.5744699999999994,1.53642,-0.038049999999999556,-1.5744699999999994,-1.38583,0.05173999999999926,1.4375699999999991,1.38583,-0.05173999999999926,-1.4375699999999991
354,-1.56936,-0.011950000000000446,1.5574099999999997,1.56936,0.011950000000000446,-1.5574099999999997,-1.39241,0.001739999999999256,1.3941499999999991,1.39241,-0.001739999999999256,-1.3941499999999991
355,-1.60178,-0.06195000000000045,1.5398299999999996,1.60178,0.06195000000000045,-1.5398299999999996,-1.39818,-0.04826000000000075,1.3499199999999991,1.39818,0.04826000000000075,-1.3499199999999991
356,-1.63341,-0.11195000000000045,1.5214599999999996,1.63341,0.11195000000000045,-1.5214599999999996,-1.40327,-0.09826000000000075,1.3050099999999993,1.40327,0.09826000000000075,-1.3050099999999993
357,-1.66403,-0.16195000000000045,1.5020799999999994,1.66403,0.16195000000000045,-1.5020799999999994,-1.40776,-0.14826000000000075,1.2594999999999992,1.40776,0.14826000000000075,-1.2594999999999992
358,-1.69341,-0.21195000000000047,1.4814599999999996,1.69341,0.21195000000000047,-1.4814599999999996,-1.41173,-0.19826000000000077,1.2134699999999992,1.41173,0.19826000000000077,-1.2134699999999992
359,-1.72134,-0.26195000000000046,1.4593899999999995,1.72134,0.26195000000000046,-1.4593899999999995,-1.41524,-0.24826000000000076,1.1669799999999992,1.41524,0.24826000000000076,-1.1669799999999992
360,-1.74762,-0.31195000000000045,1.4356699999999996,1.74762,0.31195000000000045,-1.4356699999999996,-1.41833,-0.29826000000000075,1.1200699999999992,1.41833,0.29826000000000075,-1.1200699999999992
361,-1.77209,-0.36195000000000044,1.4101399999999995,1.77209,0.36195000000000044,-1.4101399999999995,-1.42106,-0.34826000000000074,1.0727999999999993,1.42106,0.34826000000000074,-1.0727999999999993
362,-1.79461,-0.4119500000000004,1.3826599999999996,1.79461,0.4119500000000004,-1.3826599999999996,-1.42345,-0.3982600000000007,1.0251899999999994,1.42345,0.3982600000000007,-1.0251899999999994
363,-1.81505,-0.4619500000000004,1.3530999999999995,1.81505,0.4619500000000004,-1.3530999999999995,-1.42554,-0.4482600000000007,0.9772799999999993,1.42554,0.4482600000000007,-0.9772799999999993
364,-1.83332,-0.5119500000000005,1.3213699999999995,1.83332,0.5119500000000005,-1.3213699999999995,-1.42735,-0.4982600000000007,0.9290899999999992,1.42735,0.4982600000000007,-0.9290899999999992
365,-1.84934,-0.5619500000000005,1.2873899999999994,1.84935,0.5619500000000005,-1.2873999999999994,-1.42889,-0.5482600000000007,0.8806299999999992,1.42889,0.5482600000000007,-0.8806299999999992
366,-1.86306,-0.6119500000000005,1.2511099999999993,1.86306,0.6119500000000005,-1.2511099999999993,-1.43019,-0.5982600000000008,0.8319299999999993,1.43019,0.5982600000000008,-0.8319299999999993
367,-1.87442,-0.6619500000000006,1.2124699999999993,1.87442,0.6619500000000006,-1.2124699999999993,-1.43125,-0.6482600000000008,0.7829899999999991,1.43125,0.6482600000000008,-0.7829899999999991
368,-1.88339,-0.7119500000000006,1.1714399999999991,1.88339,0.7119500000000006,-1.1714399999999991,-1.43209,-0.6982600000000009,0.7338299999999992,1.43209,0.6982600000000009,-0.7338299999999992
369,-1.88996,-0.7619500000000007,1.1280099999999993,1.88996,0.7619500000000007,-1.1280099999999993,-1.43271,-0.7482600000000009,0.684449999999999,1.43271,0.7482600000000009,-0.684449999999999
370,-1.89412,-0.8119500000000007,1.0821699999999992,1.89412,0.8119500000000007,-1.0821699999999992,-1.43311,-0.798260000000001,0.6348499999999991,1.43311,0.798260000000001,-0.6348499999999991
371,-1.89586,-0.8619500000000008,1.0339099999999992,1.89586,0.8619500000000008,-1.0339099999999992,-1.4333,-0.848260000000001,0.585039999999999,1.4333,0.848260000000001,-0.585039999999999
372,-1.8952,-0.9119500000000008,0.9832499999999992,1.8952,0.9119500000000008,-0.9832499999999992,-1.43328,-0.8982600000000011,0.535019999999999,1.43328,0.8982600000000011,-0.535019999999999
373,-1.89213,-0.9619500000000009,0.9301799999999992,1.89213,0.9619500000000009,-0.9301799999999992,-1.43303,-0.9482600000000011,0.4847699999999989,1.43303,0.9482600000000011,-0.4847699999999989
374,-1.88668,-1.0119500000000008,0.8747299999999991,1.88668,1.0119500000000008,-0.8747299999999991,-1.43256,-0.9982600000000011,0.4342999999999989,1.43256,0.9982600000000011,-0.4342999999999989
375,-1.87887,-1.0619500000000008,0.8169199999999992,1.87887,1.0619500000000008,-0.8169199999999992,-1.43186,-1.048260000000001,0.38359999999999883,1.43186,1.048260000000001,-0.38359999999999883
376,-1.86872,-1.1119500000000009,0.756769999999999,1.86872,1.1119500000000009,-0.756769999999999,-1.4309,-1.0982600000000011,0.33263999999999894,1.4309,1.0982600000000011,-0.33263999999999894
377,-1.85628,-1.161950000000001,0.694329999999999,1.85628,1.161950000000001,-0.694329999999999,-1.42968,-1.1482600000000012,0.2814199999999989,1.42968,1.1482600000000012,-0.2814199999999989
378,-1.84159,-1.211950000000001,0.6296399999999991,1.84159,1.211950000000001,-0.6296399999999991,-1.42817,-1.1982600000000012,0.22990999999999873,1.42817,1.1982600000000012,-0.22990999999999873
379,-1.82468,-1.261950000000001,0.5627299999999991,1.82468,1.261950000000001,-0.5627299999999991,-1.42635,-1.2482600000000013,0.17808999999999875,1.42635,1.2482600000000013,-0.17808999999999875
380,-1.80564,-1.311950000000001,0.49368999999999885,1.80564,1.311950000000001,-0.49368999999999885,-1.42419,-1.2982600000000013,0.12592999999999877,1.42419,1.2982600000000013,-0.12592999999999877
381,-1.78453,-1.361950000000001,0.42257999999999885,1.78453,1.361950000000001,-0.42257999999999885,-1.42164,-1.3482600000000013,0.07337999999999867,1.42164,1.3482600000000013,-0.07337999999999867
382,-1.76143,-1.4119500000000011,0.3494799999999989,1.76143,1.4119500000000011,-0.3494799999999989,-1.41866,-1.3982600000000014,0.02039999999999864,1.41866,1.3982600000000014,-0.02039999999999864
383,-1.73647,-1.4619500000000012,0.27451999999999877,1.73647,1.4619500000000012,-0.27451999999999877,-1.41516,-1.41516,0.0,1.41516,1.41516,0.0
384,-1.70974,-1.5119500000000012,0.1977899999999988,1.70974,1.5119500000000012,-0.1977899999999988,-1.41105,-1.41105,0.0,1.41105,1.41105,0.0
385,-1.68137,-1.5619500000000013,0.11941999999999875,1.68137,1.5619500000000013,-0.11941999999999875,-1.40615,-1.40615,0.0,1.40615,1.40615,0.0
386,-1.65142,-1.6119500000000013,0.039469999999998784,1.65142,1.6119500000000013,-0.039469999999998784,-1.40025,-1.40025,0.0,1.40025,1.40025,0.0
387,-1.61989,-1.61989,0.0,1.61989,1.61989,0.0,-1.39305,-1.39305,0.0,1.39305,1.39305,0.0
388,-1.58662,-1.58662,0.0,1.58662,1.58662,0.0,-1.38421,-1.38421,0.0,1.38421,1.38421,0.0
389,-1.55135,-1.55135,0.0,1.55135,1.55135,0.0,-1.37337,-1.37337,0.0,1.37337,1.37337,0.0
390,-1.51368,-1.51368,0.0,1.51368,1.51368,0.0,-1.36009,-1.36009,0.0,1.36009,1.36009,0.0
391,-1.47314,-1.47314,0.0,1.47314,1.47314,0.0,-1.34374,-1.34374,0.0,1.34375,1.34375,0.0
392,-1.42904,-1.42904,0.0,1.42904,1.42904,0.0,-1.32352,-1.32352,0.0,1.32352,1.32352,0.0
393,-1.38045,-1.38045,0.0,1.38045,1.38045,0.0,-1.29821,-1.29821,0.0,1.29821,1.29821,0.0
394,-1.32602,-1.33045,-0.004429999999999934,1.32602,1.33045,0.004429999999999934,-1.26606,-1.26606,0.0,1.26606,1.26606,0.0
395,-1.26371,-1.2804499999999999,-0.016739999999999755,1.26371,1.2804499999999999,0.016739999999999755,-1.22442,-1.22442,0.0,1.22442,1.22442,0.0
396,-1.19033,-1.2304499999999998,-0.04011999999999971,1.19033,1.2304499999999998,0.04011999999999971,-1.16907,-1.17442,-0.005349999999999966,1.16907,1.17442,0.005349999999999966
397,-1.10057,-1.1804499999999998,-0.07987999999999973,1.10057,1.1804499999999998,0.07987999999999973,-1.09313,-1.12442,-0.03129000000000004,1.09313,1.12442,0.03129000000000004
398,-0.985233,-1.1304499999999997,-0.1452169999999997,0.985233,1.1304499999999997,0.1452169999999997,-0.984898,-1.07442,-0.08952199999999988,0.984898,1.07442,0.08952199999999988
399,-0.824401,-1.0804499999999997,-0.25604899999999964,0.824401,1.0804499999999997,0.25604899999999964,-0.824401,-1.0244199999999999,-0.20001899999999984,0.824401,1.0244199999999999,0.20001899999999984
400,-0.581206,-1.0304499999999996,-0.44924399999999964,0.581205,1.0304499999999996,0.4492449999999997,-0.581206,-0.9744199999999998,-0.39321399999999984,0.581205,0.9744199999999998,0.39321499999999987
401,-0.231461,-0.9804499999999996,-0.7489889999999996,0.231457,0.9804499999999996,0.7489929999999996,-0.231462,-0.9244199999999998,-0.6929579999999997,0.231458,0.9244199999999998,0.6929619999999999
402,0.178845,-0.9304499999999996,-1.1092949999999995,-0.178847,0.9304499999999996,1.1092969999999995,0.178845,-0.8744199999999998,-1.0532649999999997,-0.178847,0.8744199999999998,1.0532669999999997
403,0.533855,-0.8804499999999995,-1.4143049999999995,-0.533852,0.8804499999999995,1.4143019999999995,0.533855,-0.8244199999999997,-1.3582749999999997,-0.533852,0.8244199999999997,1.3582719999999997
404,0.782478,-0.8304499999999995,-1.6129279999999995,-0.782477,0.8304499999999995,1.6129269999999996,0.782477,-0.7744199999999997,-1.5568969999999998,-0.782476,0.7744199999999997,1.5568959999999996
405,0.946774,-0.7804499999999994,-1.7272239999999994,-0.946774,0.7804499999999994,1.7272239999999994,0.946774,-0.7244199999999996,-1.6711939999999996,-0.946774,0.7244199999999996,1.6711939999999996
406,1.05759,-0.7304499999999994,-1.7880399999999994,-1.05759,0.7304499999999994,1.7880399999999994,1.05759,-0.6744199999999996,-1.7320099999999996,-1.05759,0.6744199999999996,1.7320099999999996
407,1.13543,-0.6804499999999993,-1.8158799999999993,-1.13543,0.6804499999999993,1.8158799999999993,1.13543,-0.6244199999999995,-1.7598499999999995,-1.13543,0.6244199999999995,1.7598499999999995
408,1.19234,-0.6304499999999993,-1.8227899999999992,-1.19234,0.6304499999999993,1.8227899999999992,1.19234,-0.5744199999999995,-1.7667599999999994,-1.19234,0.5744199999999995,1.7667599999999994
409,1.2354,-0.5804499999999992,-1.8158499999999993,-1.2354,0.5804499999999992,1.8158499999999993,1.2354,-0.5244199999999994,-1.7598199999999995,-1.2354,0.5244199999999994,1.7598199999999995
410,1.26893,-0.5304499999999992,-1.799379999999999,-1.26893,0.5304499999999992,1.799379999999999,1.26893,-0.47441999999999945,-1.7433499999999993,-1.26893,0.47441999999999945,1.7433499999999993
411,1.29566,-0.4804499999999992,-1.7761099999999992,-1.29566,0.4804499999999992,1.7761099999999992,1.29566,-0.42441999999999946,-1.7200799999999994,-1.29566,0.42441999999999946,1.7200799999999994
412,1.31739,-0.4304499999999992,-1.7478399999999992,-1.31739,0.4304499999999992,1.7478399999999992,1.31756,-0.3744199999999995,-1.6919799999999996,-1.31756,0.3744199999999995,1.6919799999999996
413,1.33535,-0.38044999999999923,-1.7157999999999993,-1.33535,0.38044999999999923,1.7157999999999993,1.33946,-0.3244199999999995,-1.6638799999999996,-1.33946,0.3244199999999995,1.6638799999999996
414,1.35039,-0.33044999999999924,-1.6808399999999992,-1.35039,0.33044999999999924,1.6808399999999992,1.36292,-0.2744199999999995,-1.6373399999999994,-1.36292,0.2744199999999995,1.6373399999999994
415,1.36315,-0.28044999999999926,-1.6435999999999993,-1.36315,0.28044999999999926,1.6435999999999993,1.38776,-0.2244199999999995,-1.6121799999999995,-1.38776,0.2244199999999995,1.6121799999999995
416,1.37407,-0.23044999999999927,-1.604519999999999,-1.37407,0.23044999999999927,1.604519999999999,1.41382,-0.17441999999999952,-1.5882399999999997,-1.41382,0.17441999999999952,1.5882399999999997
417,1.3835,-0.18044999999999928,-1.5639499999999993,-1.3835,0.18044999999999928,1.5639499999999993,1.4409,-0.12441999999999952,-1.5653199999999996,-1.4409,0.12441999999999952,1.5653199999999996
418,1.3917,-0.1304499999999993,-1.5221499999999992,-1.3917,0.1304499999999993,1.5221499999999992,1.46881,-0.07441999999999951,-1.5432299999999994,-1.46881,0.07441999999999951,1.5432299999999994
419,1.39889,-0.08044999999999929,-1.4793399999999992,-1.39889,0.08044999999999929,1.4793399999999992,1.4973,-0.02441999999999951,-1.5217199999999995,-1.4973,0.02441999999999951,1.5217199999999995
420,1.40521,-0.030449999999999283,-1.4356599999999993,-1.40521,0.030449999999999283,1.4356599999999993,1.52615,0.02558000000000049,-1.5005699999999993,-1.52615,-0.02558000000000049,1.5005699999999993
421,1.41081,0.01955000000000072,-1.3912599999999993,-1.41081,-0.01955000000000072,1.3912599999999993,1.5551,0.0755800000000005,-1.4795199999999995,-1.5551,-0.0755800000000005,1.4795199999999995
422,1.41578,0.06955000000000072,-1.3462299999999994,-1.41578,-0.06955000000000072,1.3462299999999994,1.58389,0.1255800000000005,-1.4583099999999996,-1.58389,-0.1255800000000005,1.4583099999999996
423,1.42021,0.11955000000000073,-1.3006599999999993,-1.42021,-0.11955000000000073,1.3006599999999993,1.61227,0.1755800000000005,-1.4366899999999996,-1.61227,-0.1755800000000005,1.4366899999999996
424,1.42417,0.16955000000000073,-1.2546199999999992,-1.42417,-0.16955000000000073,1.2546199999999992,1.63998,0.2255800000000005,-1.4143999999999994,-1.63998,-0.2255800000000005,1.4143999999999994
425,1.42772,0.21955000000000074,-1.2081699999999993,-1.42772,-0.21955000000000074,1.2081699999999993,1.66677,0.2755800000000005,-1.3911899999999995,-1.66677,-0.2755800000000005,1.3911899999999995
426,1.43091,0.26955000000000073,-1.1613599999999993,-1.43091,-0.26955000000000073,1.1613599999999993,1.69241,0.3255800000000005,-1.3668299999999995,-1.69241,-0.3255800000000005,1.3668299999999995
427,1.43377,0.3195500000000007,-1.1142199999999993,-1.43377,-0.3195500000000007,1.1142199999999993,1.71669,0.37558000000000047,-1.3411099999999996,-1.71669,-0.37558000000000047,1.3411099999999996
428,1.43635,0.3695500000000007,-1.0667999999999993,-1.43635,-0.3695500000000007,1.0667999999999993,1.73943,0.42558000000000046,-1.3138499999999995,-1.73943,-0.42558000000000046,1.3138499999999995
429,1.43867,0.4195500000000007,-1.0191199999999991,-1.43867,-0.4195500000000007,1.0191199999999991,1.76045,0.47558000000000045,-1.2848699999999997,-1.76045,-0.47558000000000045,1.2848699999999997
430,1.44075,0.4695500000000007,-0.9711999999999993,-1.44075,-0.4695500000000007,0.9711999999999993,1.7796,0.5255800000000005,-1.2540199999999997,-1.7796,-0.5255800000000005,1.2540199999999997
431,1.44263,0.5195500000000007,-0.9230799999999993,-1.44263,-0.5195500000000007,0.9230799999999993,1.79677,0.5755800000000005,-1.2211899999999996,-1.79677,-0.5755800000000005,1.2211899999999996
432,1.44431,0.5695500000000008,-0.8747599999999992,-1.44431,-0.5695500000000008,0.8747599999999992,1.81186,0.6255800000000006,-1.1862799999999996,-1.81186,-0.6255800000000006,1.1862799999999996
433,1.44581,0.6195500000000008,-0.8262599999999992,-1.44581,-0.6195500000000008,0.8262599999999992,1.82478,0.6755800000000006,-1.1491999999999996,-1.82478,-0.6755800000000006,1.1491999999999996
434,1.44714,0.6695500000000009,-0.7775899999999992,-1.44714,-0.6695500000000009,0.7775899999999992,1.83547,0.7255800000000007,-1.1098899999999992,-1.83547,-0.7255800000000007,1.1098899999999992
435,1.44832,0.7195500000000009,-0.7287699999999991,-1.44832,-0.7195500000000009,0.7287699999999991,1.84389,0.7755800000000007,-1.0683099999999994,-1.84389,-0.7755800000000007,1.0683099999999994
436,1.44936,0.769550000000001,-0.679809999999999,-1.44936,-0.769550000000001,0.679809999999999,1.85001,0.8255800000000008,-1.0244299999999993,-1.85001,-0.8255800000000008,1.0244299999999993
437,1.45026,0.819550000000001,-0.6307099999999991,-1.45026,-0.819550000000001,0.6307099999999991,1.85381,0.8755800000000008,-0.9782299999999992,-1.85381,-0.8755800000000008,0.9782299999999992
438,1.45103,0.869550000000001,-0.581479999999999,-1.45103,-0.869550000000001,0.581479999999999,1.85529,0.9255800000000008,-0.9297099999999993,-1.85529,-0.9255800000000008,0.9297099999999993
439,1.45167,0.9195500000000011,-0.5321199999999989,-1.45167,-0.9195500000000011,0.5321199999999989,1.85447,0.9755800000000009,-0.8788899999999992,-1.85447,-0.9755800000000009,0.8788899999999992
440,1.4522,0.9695500000000011,-0.4826499999999988,-1.4522,-0.9695500000000011,0.4826499999999988,1.85135,1.0255800000000008,-0.8257699999999992,-1.85135,-1.0255800000000008,0.8257699999999992
441,1.45261,1.019550000000001,-0.4330599999999989,-1.45261,-1.019550000000001,0.4330599999999989,1.84599,1.0755800000000009,-0.7704099999999992,-1.84599,-1.0755800000000009,0.7704099999999992
442,1.4529,1.069550000000001,-0.38334999999999897,-1.4529,-1.069550000000001,0.38334999999999897,1.83842,1.125580000000001,-0.712839999999999,-1.83843,-1.125580000000001,0.7128499999999991
443,1.45308,1.1195500000000012,-0.33352999999999877,-1.45308,-1.1195500000000012,0.33352999999999877,1.82872,1.175580000000001,-0.6531399999999989,-1.82872,-1.175580000000001,0.6531399999999989
444,1.45314,1.1695500000000012,-0.2835899999999989,-1.45314,-1.1695500000000012,0.2835899999999989,1.81695,1.225580000000001,-0.5913699999999991,-1.81695,-1.225580000000001,0.5913699999999991
445,1.4531,1.2195500000000012,-0.23354999999999881,-1.4531,-1.2195500000000012,0.23354999999999881,1.80322,1.275580000000001,-0.527639999999999,-1.80322,-1.275580000000001,0.527639999999999
446,1.45293,1.2695500000000013,-0.18337999999999877,-1.45293,-1.2695500000000013,0.18337999999999877,1.78764,1.325580000000001,-0.4620599999999988,-1.78764,-1.325580000000001,0.4620599999999988
447,1.45265,1.3195500000000013,-0.13309999999999866,-1.45265,-1.3195500000000013,0.13309999999999866,1.77034,1.3755800000000011,-0.3947599999999989,-1.77034,-1.3755800000000011,0.3947599999999989
448,1.45225,1.3695500000000014,-0.08269999999999866,-1.45225,-1.3695500000000014,0.08269999999999866,1.75148,1.4255800000000012,-0.32589999999999875,-1.75148,-1.4255800000000012,0.32589999999999875
449,1.45172,1.4195500000000014,-0.03216999999999848,-1.45172,-1.4195500000000014,0.03216999999999848,1.73124,1.4755800000000012,-0.25565999999999867,-1.73124,-1.4755800000000012,0.25565999999999867
450,1.45105,1.45105,0.0,-1.45105,-1.45105,0.0,1.70982,1.5255800000000013,-0.18423999999999863,-1.70982,-1.5255800000000013,0.18423999999999863
451,1.45024,1.45024,0.0,-1.45024,-1.45024,0.0,1.68744,1.5755800000000013,-0.11185999999999874,-1.68744,-1.5755800000000013,0.11185999999999874
452,1.44926,1.44926,0.0,-1.44926,-1.44926,0.0,1.66435,1.6255800000000014,-0.03876999999999864,-1.66435,-1.6255800000000014,0.03876999999999864
453,1.44809,1.44809,0.0,-1.44809,-1.44809,0.0,1.64079,1.64079,0.0,-1.64079,-1.64079,0.0
454,1.44669,1.44669,0.0,-1.44669,-1.44669,0.0,1.61701,1.61701,0.0,-1.61701,-1.61701,0.0
455,1.44502,1.44502,0.0,-1.44502,-1.44502,0.0,1.59327,1.59327,0.0,-1.59327,-1.59327,0.0
456,1.44305,1.44305,0.0,-1.44305,-1.44305,0.0,1.56978,1.56978,0.0,-1.56978,-1.56978,0.0
457,1.44075,1.44075,0.0,-1.44075,-1.44075,0.0,1.54676,1.54676,0.0,-1.54676,-1.54676,0.0
458,1.43811,1.43811,0.0,-1.43811,-1.43811,0.0,1.52445,1.52445,0.0,-1.52445,-1.52445,0.0
459,1.43514,1.43514,0.0,-1.43514,-1.43514,0.0,1.5031,1.5031,0.0,-1.5031,-1.5031,0.0
460,1.43182,1.43182,0.0,-1.43182,-1.43182,0.0,1.48296,1.48296,0.0,-1.48296,-1.48296,0.0
461,1.42815,1.42815,0.0,-1.42815,-1.42815,0.0,1.46432,1.46432,0.0,-1.46432,-1.46432,0.0
462,1.42411,1.42411,0.0,-1.42411,-1.42411,0.0,1.44746,1.44746,0.0,-1.44746,-1.44746,0.0
463,1.4197,1.4197,0.0,-1.4197,-1.4197,0.0,1.4327,1.4327,0.0,-1.4327,-1.4327,0.0
464,1.4149,1.4149,0.0,-1.4149,-1.4149,0.0,1.42035,1.42035,0.0,-1.42035,-1.42035,0.0
465,1.4097,1.4097,0.0,-1.4097,-1.4097,0.0,1.41074,1.41074,0.0,-1.41074,-1.41074,0.0
466,1.40409,1.40409,0.0,-1.40409,-1.40409,0.0,1.40409,1.40409,0.0,-1.40409,-1.40409,0.0
467,1.39806,1.39806,0.0,-1.39806,-1.39806,0.0,1.39806,1.39806,0.0,-1.39806,-1.39806,0.0
468,1.39157,1.39157,0.0,-1.39157,-1.39157,0.0,1.39157,1.39157,0.0,-1.39157,-1.39157,0.0
469,1.38463,1.38463,0.0,-1.38463,-1.38463,0.0,1.38463,1.38463,0.0,-1.38463,-1.38463,0.0
470,1.37721,1.37721,0.0,-1.37721,-1.37721,0.0,1.37721,1.37721,0.0,-1.37721,-1.37721,0.0
471,1.36928,1.36928,0.0,-1.36928,-1.36928,0.0,1.36928,1.36928,0.0,-1.36928,-1.36928,0.0
472,1.36083,1.36083,0.0,-1.36083,-1.36083,0.0,1.36083,1.36083,0.0,-1.36083,-1.36083,0.0
473,1.35183,1.35183,0.0,-1.35183,-1.35183,0.0,1.35183,1.35183,0.0,-1.35183,-1.35183,0.0
474,1.34226,1.34226,0.0,-1.34226,-1.34226,0.0,1.34226,1.34226,0.0,-1.34226,-1.34226,0.0
475,1.3321,1.3321,0.0,-1.3321,-1.3321,0.0,1.3321,1.3321,0.0,-1.3321,-1.3321,0.0
476,1.32131,1.32131,0.0,-1.32131,-1.32131,0.0,1.32131,1.32131,0.0,-1.32131,-1.32131,0.0
477,1.30987,1.30987,0.0,-1.30987,-1.30987,0.0,1.30987,1.30987,0.0,-1.30987,-1.30987,0.0
478,1.29775,1.29775,0.0,-1.29775,-1.29775,0.0,1.29775,1.29775,0.0,-1.29775,-1.29775,0.0
479,1.28493,1.28493,0.0,-1.28493,-1.28493,0.0,1.28493,1.28493,0.0,-1.28493,-1.28493,0.0
480,1.27138,1.27138,0.0,-1.27138,-1.27138,0.0,1.27138,1.27138,0.0,-1.27138,-1.27138,0.0
481,1.25707,1.25707,0.0,-1.25707,-1.25707,0.0,1.25707,1.25707,0.0,-1.25707,-1.25707,0.0
482,1.24197,1.24197,0.0,-1.24197,-1.24197,0.0,1.24197,1.24197,0.0,-1.24197,-1.24197,0.0
483,1.22606,1.22606,0.0,-1.22606,-1.22606,0.0,1.22606,1.22606,0.0,-1.22606,-1.22606,0.0
484,1.20931,1.20931,0.0,-1.20931,-1.20931,0.0,1.20931,1.20931,0.0,-1.20931,-1.20931,0.0
485,1.19171,1.19171,0.0,-1.19171,-1.19171,0.0,1.19171,1.19171,0.0,-1.19171,-1.19171,0.0
486,1.17324,1.17324,0.0,-1.17324,-1.17324,0.0,1.17324,1.17324,0.0,-1.17324,-1.17324,0.0
487,1.15387,1.15387,0.0,-1.15387,-1.15387,0.0,1.15387,1.15387,0.0,-1.15387,-1.15387,0.0
488,1.13362,1.13362,0.0,-1.13362,-1.13362,0.0,1.13362,1.13362,0.0,-1.13362,-1.13362,0.0
489,1.11245,1.11245,0.0,-1.11246,-1.11246,0.0,1.11245,1.11245,0.0,-1.11246,-1.11246,0.0
490,1.0904,1.0904,0.0,-1.0904,-1.0904,0.0,1.0904,1.0904,0.0,-1.0904,-1.0904,0.0
491,1.06745,1.06745,0.0,-1.06745,-1.06745,0.0,1.06745,1.06745,0.0,-1.06745,-1.06745,0.0
492,1.04363,1.04363,0.0,-1.04363,-1.04363,0.0,1.04363,1.04363,0.0,-1.04363,-1.04363,0.0
493,1.01896,1.01896,0.0,-1.01896,-1.01896,0.0,1.01896,1.01896,0.0,-1.01896,-1.01896,0.0
494,0.993477,0.993477,0.0,-0.993478,-0.993478,0.0,0.993477,0.993477,0.0,-0.993478,-0.993478,0.0
495,0.96723,0.96723,0.0,-0.967231,-0.967231,0.0,0.96723,0.96723,0.0,-0.967231,-0.967231,0.0
496,0.940272,0.940272,0.0,-0.940272,-0.940272,0.0,0.940272,0.940272,0.0,-0.940272,-0.940272,0.0
497,0.912666,0.912666,0.0,-0.912667,-0.912667,0.0,0.912666,0.912666,0.0,-0.912667,-0.912667,0.0
498,0.884488,0.884488,0.0,-0.884489,-0.884489,0.0,0.884488,0.884488,0.0,-0.884489,-0.884489,0.0
499,0.855821,0.855821,0.0,-0.855822,-0.855822,0.0,0.855821,0.855821,0.0,-0.855822,-0.855822,0.0
500,0.826757,0.826757,0.0,-0.826758,-0.826758,0.0,0.826757,0.826757,0.0,-0.826758,-0.826758,0.0
501,0.797394,0.797394,0.0,-0.797395,-0.797395,0.0,0.797394,0.797394,0.0,-0.797395,-0.797395,0.0
502,0.767837,0.767837,0.0,-0.767838,-0.767838,0.0,0.767837,0.767837,0.0,-0.767838,-0.767838,0.0
503,0.738194,0.738194,0.0,-0.738195,-0.738195,0.0,0.738194,0.738194,0.0,-0.738195,-0.738195,0.0
504,0.708574,0.708574,0.0,-0.708574,-0.708574,0.0,0.708574,0.708574,0.0,-0.708574,-0.708574,0.0
505,0.679086,0.679086,0.0,-0.679087,-0.679087,0.0,0.679086,0.679086,0.0,-0.679087,-0.679087,0.0
506,0.649837,0.649837,0.0,-0.649838,-0.649838,0.0,0.649837,0.649837,0.0,-0.649838,-0.649838,0.0
507,0.620932,0.620932,0.0,-0.620932,-0.620932,0.0,0.620932,0.620932,0.0,-0.620932,-0.620932,0.0
508,0.592466,0.592466,0.0,-0.592467,-0.592467,0.0,0.592466,0.592466,0.0,-0.592467,-0.592467,0.0
509,0.56453,0.56453,0.0,-0.564531,-0.564531,0.0,0.56453,0.56453,0.0,-0.564531,-0.564531,0.0
510,0.537207,0.537207,0.0,-0.537207,-0.537207,0.0,0.537207,0.537207,0.0,-0.537207,-0.537207,0.0
511,0.510567,0.510567,0.0,-0.510567,-0.510567,0.0,0.510567,0.510567,0.0,-0.510567,-0.510567,0.0
512,0.484673,0.484673,0.0,-0.484674,-0.484674,0.0,0.484673,0.484673,0.0,-0.484674,-0.484674,0.0
513,0.459579,0.459579,0.0,-0.459579,-0.459579,0.0,0.459579,0.459579,0.0,-0.459579,-0.459579,0.0
514,0.435325,0.435325,0.0,-0.435325,-0.435325,0.0,0.435325,0.435325,0.0,-0.435325,-0.435325,0.0
515,0.411944,0.411944,0.0,-0.411945,-0.411945,0.0,0.411944,0.411944,0.0,-0.411945,-0.411945,0.0
516,0.38946,0.38946,0.0,-0.38946,-0.38946,0.0,0.38946,0.38946,0.0,-0.38946,-0.38946,0.0
517,0.367886,0.367886,0.0,-0.367887,-0.367887,0.0,0.367886,0.367886,0.0,-0.367887,-0.367887,0.0
518,0.34723,0.34723,0.0,-0.34723,-0.34723,0.0,0.34723,0.34723,0.0,-0.34723,-0.34723,0.0
519,0.32749,0.32749,0.0,-0.32749,-0.32749,0.0,0.32749,0.32749,0.0,-0.32749,-0.32749,0.0
520,0.308659,0.308659,0.0,-0.30866,-0.30866,0.0,0.308659,0.308659,0.0,-0.30866,-0.30866,0.0
521,0.290726,0.290726,0.0,-0.290726,-0.290726,0.0,0.290726,0.290726,0.0,-0.290726,-0.290726,0.0
522,0.273673,0.273673,0.0,-0.273673,-0.273673,0.0,0.273673,0.273673,0.0,-0.273673,-0.273673,0.0
523,0.257479,0.257479,0.0,-0.257479,-0.257479,0.0,0.257479,0.257479,0.0,-0.257479,-0.257479,0.0
524,0.242121,0.242121,0.0,-0.242121,-0.242121,0.0,0.242121,0.242121,0.0,-0.242121,-0.242121,0.0
525,0.227572,0.227572,0.0,-0.227573,-0.227573,0.0,0.227572,0.227572,0.0,-0.227573,-0.227573,0.0
526,0.213805,0.213805,0.0,-0.213805,-0.213805,0.0,0.213805,0.213805,0.0,-0.213805,-0.213805,0.0
527,0.20079,0.20079,0.0,-0.20079,-0.20079,0.0,0.20079,0.20079,0.0,-0.20079,-0.20079,0.0
528,0.188496,0.188496,0.0,-0.188496,-0.188496,0.0,0.188496,0.188496,0.0,-0.188496,-0.188496,0.0
529,0.176894,0.176894,0.0,-0.176894,-0.176894,0.0,0.176894,0.176894,0.0,-0.176894,-0.176894,0.0
530,0.165952,0.165952,0.0,-0.165952,-0.165952,0.0,0.165952,0.165952,0.0,-0.165952,-0.165952,0.0
531,0.15564,0.15564,0.0,-0.15564,-0.15564,0.0,0.15564,0.15564,0.0,-0.15564,-0.15564,0.0
532,0.145927,0.145927,0.0,-0.145927,-0.145927,0.0,0.145927,0.145927,0.0,-0.145927,-0.145927,0.0
533,0.136784,0.136784,0.0,-0.136784,-0.136784,0.0,0.136784,0.136784,0.0,-0.136784,-0.136784,0.0
534,0.128182,0.128182,0.0,-0.128182,-0.128182,0.0,0.128182,0.128182,0.0,-0.128182,-0.128182,0.0
535,0.120093,0.120093,0.0,-0.120093,-0.120093,0.0,0.120093,0.120093,0.0,-0.120093,-0.120093,0.0
536,0.112489,0.112489,0.0,-0.112489,-0.112489,0.0,0.112489,0.112489,0.0,-0.112489,-0.112489,0.0
537,0.105345,0.105345,0.0,-0.105345,-0.105345,0.0,0.105345,0.105345,0.0,-0.105345,-0.105345,0.0
538,0.0986348,0.0986348,0.0,-0.0986349,-0.0986349,0.0,0.0986348,0.0986348,0.0,-0.0986349,-0.0986349,0.0
539,0.0923345,0.0923345,0.0,-0.0923346,-0.0923346,0.0,0.0923345,0.0923345,0.0,-0.0923346,-0.0923346,0.0
