frame,RL1_wrap,RL5_wrap,LL1_wrap,LL5_wrap
0,-0.0143077,0.0143076,-0.0143077,0.0143076
1,-0.016981,0.0169768,-0.016981,0.0169768
2,-0.0199786,0.0199739,-0.0199786,0.0199739
3,-0.0232939,0.0232887,-0.0232939,0.0232887
4,-0.0269478,0.0269421,-0.0269478,0.0269421
5,-0.0309634,0.0309572,-0.0309634,0.0309572
6,-0.0353659,0.035359,-0.0353659,0.035359
7,-0.0401826,0.0401751,-0.0401826,0.0401751
8,-0.0454431,0.0454349,-0.0454431,0.0454349
9,-0.0511794,0.0511705,-0.0511794,0.0511705
10,-0.057494,0.0574939,-0.057494,0.0574939
11,-0.064293,0.0642929,-0.064293,0.0642929
12,-0.0716789,0.0716788,-0.0716789,0.0716788
13,-0.0796939,0.0796938,-0.0796939,0.0796938
14,-0.0883828,0.0883827,-0.0883828,0.0883827
15,-0.0977931,0.0977929,-0.0977931,0.0977929
16,-0.107975,0.107975,-0.107975,0.107975
17,-0.118981,0.11898,-0.118981,0.11898
18,-0.130865,0.130865,-0.130865,0.130865
19,-0.143685,0.143685,-0.143685,0.143685
20,-0.157499,0.157499,-0.157499,0.157499
21,-0.172368,0.172367,-0.172368,0.172367
22,-0.18835,0.18835,-0.18835,0.18835
23,-0.205506,0.205505,-0.205506,0.205505
24,-0.223894,0.223893,-0.223894,0.223893
25,-0.243569,0.243569,-0.243569,0.243569
26,-0.264584,0.264584,-0.264584,0.264584
27,-0.286984,0.286984,-0.286984,0.286984
28,-0.310806,0.310806,-0.310806,0.310806
29,-0.336078,0.336077,-0.336078,0.336077
30,-0.362812,0.362812,-0.362812,0.362812
31,-0.39101,0.39101,-0.39101,0.39101
32,-0.420651,0.420651,-0.420651,0.420651
33,-0.451697,0.451697,-0.451697,0.451697
34,-0.484087,0.484087,-0.484087,0.484087
35,-0.517737,0.517737,-0.517737,0.517737
36,-0.552537,0.552538,-0.552537,0.552538
37,-0.588352,0.588352,-0.588352,0.588352
38,-0.625019,0.625019,-0.625019,0.625019
39,-0.662351,0.662352,-0.662351,0.662352
40,-0.700139,0.70014,-0.700139,0.70014
41,-0.738156,0.738157,-0.738156,0.738157
42,-0.776166,0.776167,-0.776166,0.776167
43,-0.813942,0.813943,-0.813942,0.813943
44,-0.851279,0.85128,-0.851279,0.85128
45,-0.888025,0.888026,-0.888025,0.888026
46,-0.9241,0.924101,-0.9241,0.924101
47,-0.959502,0.959503,-0.959502,0.959503
48,-0.994297,0.994298,-0.994297,0.994298
49,-1.02855,1.02856,-1.02855,1.02856
50,-1.06225,1.06225,-1.06225,1.06225
51,-1.09512,1.09512,-1.09512,1.09512
52,-1.12664,1.12664,-1.12664,1.12664
53,-1.15636,1.15636,-1.15636,1.15636
54,-1.18401,1.18401,-1.18401,1.18401
55,-1.20946,1.20946,-1.20946,1.20946
56,-1.2327,1.2327,-1.2327,1.2327
57,-1.25379,1.25379,-1.25379,1.25379
58,-1.27286,1.27286,-1.27286,1.27286
59,-1.29006,1.29006,-1.29006,1.29006
60,-1.30555,1.30555,-1.30555,1.30555
61,-1.31949,1.31949,-1.31949,1.31949
62,-1.33204,1.33204,-1.33204,1.33204
63,-1.34335,1.34335,-1.34335,1.34335
64,-1.35354,1.35354,-1.35354,1.35354
65,-1.36274,1.36274,-1.36274,1.36274
66,-1.37105,1.37105,-1.37105,1.37105
67,-1.37858,1.37858,-1.37858,1.37858
68,-1.3854,1.3854,-1.3854,1.3854
69,-1.39159,1.39159,-1.39159,1.39159
70,-1.39722,1.39722,-1.39722,1.39722
71,-1.40234,1.40234,-1.40234,1.40234
72,-1.407,1.407,-1.407,1.407
73,-1.41126,1.41126,-1.41126,1.41126
74,-1.41514,1.41514,-1.41514,1.41514
75,-1.41966,1.41966,-1.41868,1.41868
76,-1.42713,1.42713,-1.42192,1.42192
77,-1.43745,1.43745,-1.42488,1.42488
78,-1.4504,1.4504,-1.42759,1.42759
79,-1.46575,1.46575,-1.43006,1.43006
80,-1.48327,1.48327,-1.43231,1.43231
81,-1.50271,1.50271,-1.43436,1.43436
82,-1.52379,1.52379,-1.43623,1.43623
83,-1.54623,1.54623,-1.43793,1.43793
84,-1.56975,1.56975,-1.43947,1.43947
85,-1.59402,1.59402,-1.44085,1.44085
86,-1.61874,1.61874,-1.44209,1.44209
87,-1.6436,1.6436,-1.4432,1.4432
88,-1.66828,1.66828,-1.44417,1.44417
89,-1.69249,1.69249,-1.44502,1.44502
90,-1.71594,1.71594,-1.44576,1.44576
91,-1.73838,1.73838,-1.44637,1.44637
92,-1.75956,1.75956,-1.44687,1.44687
93,-1.77928,1.77928,-1.44726,1.44726
94,-1.79734,1.79734,-1.44753,1.44753
95,-1.81358,1.81358,-1.4477,1.4477
96,-1.82788,1.82788,-1.44775,1.44775
97,-1.84011,1.84011,-1.44768,1.44768
98,-1.85019,1.85019,-1.44749,1.44749
99,-1.85806,1.85806,-1.44719,1.44719
100,-1.86365,1.86365,-1.44675,1.44675
101,-1.86694,1.86694,-1.44618,1.44618
102,-1.86789,1.86789,-1.44546,1.44546
103,-1.86649,1.86649,-1.44459,1.44459
104,-1.86274,1.86274,-1.44356,1.44356
105,-1.85665,1.85665,-1.44235,1.44235
106,-1.84823,1.84823,-1.44093,1.44093
107,-1.83752,1.83752,-1.43931,1.43931
108,-1.82455,1.82455,-1.43744,1.43744
109,-1.80936,1.80936,-1.43531,1.43531
110,-1.79201,1.79201,-1.43288,1.43288
111,-1.77257,1.77257,-1.43011,1.43011
112,-1.75114,1.75114,-1.42694,1.42694
113,-1.72781,1.72781,-1.42332,1.42332
114,-1.70269,1.70269,-1.41912,1.41912
115,-1.67591,1.67591,-1.41421,1.41421
116,-1.64753,1.64753,-1.40837,1.40837
117,-1.61756,1.61756,-1.40133,1.40133
118,-1.58588,1.58588,-1.39278,1.39278
119,-1.55225,1.55225,-1.38236,1.38236
120,-1.51635,1.51635,-1.36969,1.36969
121,-1.47775,1.47775,-1.35419,1.35419
122,-1.43586,1.43586,-1.33511,1.33511
123,-1.38987,1.38987,-1.31139,1.31139
124,-1.33987,1.33987,-1.28144,1.28144
125,-1.2898699999999999,1.2898699999999999,-1.24292,1.24292
126,-1.2398699999999998,1.2398699999999998,-1.19292,1.19292
127,-1.1898699999999998,1.1898699999999998,-1.14292,1.14292
128,-1.1398699999999997,1.1398699999999997,-1.09292,1.09292
129,-1.0898699999999997,1.0898699999999997,-1.0429199999999998,1.0429199999999998
130,-1.0398699999999996,1.0398699999999996,-0.9929199999999998,0.9929199999999998
131,-0.9898699999999996,0.9898699999999996,-0.9429199999999998,0.9429199999999998
132,-0.9398699999999995,0.9398699999999995,-0.8929199999999997,0.8929199999999997
133,-0.8898699999999995,0.8898699999999995,-0.8429199999999997,0.8429199999999997
134,-0.8398699999999995,0.8398699999999995,-0.7929199999999996,0.7929199999999996
135,-0.7898699999999994,0.7898699999999994,-0.7429199999999996,0.7429199999999996
136,-0.7398699999999994,0.7398699999999994,-0.6929199999999995,0.6929199999999995
137,-0.6898699999999993,0.6898699999999993,-0.6429199999999995,0.6429199999999995
138,-0.6398699999999993,0.6398699999999993,-0.5929199999999994,0.5929199999999994
139,-0.5898699999999992,0.5898699999999992,-0.5429199999999994,0.5429199999999994
140,-0.5398699999999992,0.5398699999999992,-0.4929199999999994,0.4929199999999994
141,-0.4898699999999992,0.4898699999999992,-0.4429199999999994,0.4429199999999994
142,-0.4398699999999992,0.4398699999999992,-0.39291999999999944,0.39291999999999944
143,-0.3898699999999992,0.3898699999999992,-0.34291999999999945,0.34291999999999945
144,-0.33986999999999923,0.33986999999999923,-0.29291999999999946,0.29291999999999946
145,-0.28986999999999924,0.28986999999999924,-0.24291999999999947,0.24291999999999947
146,-0.23986999999999925,0.23986999999999925,-0.19291999999999948,0.19291999999999948
147,-0.18986999999999926,0.18986999999999926,-0.1429199999999995,0.1429199999999995
148,-0.13986999999999927,0.13986999999999927,-0.09291999999999949,0.09291999999999949
149,-0.08986999999999927,0.08986999999999927,-0.042919999999999486,0.042919999999999486
150,-0.03986999999999927,0.03986999999999927,0.0070800000000005164,-0.0070800000000005164
151,0.010130000000000736,-0.010130000000000736,0.05708000000000052,-0.05708000000000052
152,0.06013000000000074,-0.06013000000000074,0.10708000000000052,-0.10708000000000052
153,0.11013000000000074,-0.11013000000000074,0.15708000000000052,-0.15708000000000052
154,0.16013000000000074,-0.16013000000000074,0.20708000000000054,-0.20708000000000054
155,0.21013000000000076,-0.21013000000000076,0.25708000000000053,-0.25708000000000053
156,0.26013000000000075,-0.26013000000000075,0.3070800000000005,-0.3070800000000005
157,0.31013000000000074,-0.31013000000000074,0.3570800000000005,-0.3570800000000005
158,0.3601300000000007,-0.3601300000000007,0.4070800000000005,-0.4070800000000005
159,0.4101300000000007,-0.4101300000000007,0.4570800000000005,-0.4570800000000005
160,0.4601300000000007,-0.4601300000000007,0.5070800000000005,-0.5070800000000005
161,0.5101300000000007,-0.5101300000000007,0.5570800000000006,-0.5570800000000006
162,0.5601300000000008,-0.5601300000000008,0.6070800000000006,-0.6070800000000006
163,0.6101300000000008,-0.6101300000000008,0.6570800000000007,-0.6570800000000007
164,0.6601300000000009,-0.6601300000000009,0.7070800000000007,-0.7070800000000007
165,0.7101300000000009,-0.7101300000000009,0.7570800000000008,-0.7570800000000008
166,0.760130000000001,-0.760130000000001,0.8070800000000008,-0.8070800000000008
167,0.810130000000001,-0.810130000000001,0.8570800000000008,-0.8570800000000008
168,0.8601300000000011,-0.8601300000000011,0.9070800000000009,-0.9070800000000009
169,0.9101300000000011,-0.9101300000000011,0.9570800000000009,-0.9570800000000009
170,0.9601300000000011,-0.9601300000000011,1.0070800000000009,-1.0070800000000009
171,1.010130000000001,-1.010130000000001,1.057080000000001,-1.057080000000001
172,1.0601300000000011,-1.0601300000000011,1.107080000000001,-1.107080000000001
173,1.1101300000000012,-1.1101300000000012,1.157080000000001,-1.157080000000001
174,1.1601300000000012,-1.1601300000000012,1.207080000000001,-1.207080000000001
175,1.2101300000000013,-1.2101300000000013,1.257080000000001,-1.257080000000001
176,1.2601300000000013,-1.2601300000000013,1.3070800000000011,-1.3070800000000011
177,1.3101300000000013,-1.3101300000000013,1.3570800000000012,-1.3570800000000012
178,1.3601300000000014,-1.3601300000000014,1.4070800000000012,-1.4070800000000012
179,1.4101300000000014,-1.4101300000000014,1.4570800000000013,-1.4570800000000013
180,1.43042,-1.43042,1.5070800000000013,-1.5070800000000013
181,1.4274,-1.4274,1.5570800000000014,-1.5570800000000014
182,1.42386,-1.42386,1.6070800000000014,-1.6070800000000014
183,1.41968,-1.41968,1.6570800000000014,-1.6570800000000014
184,1.41467,-1.41467,1.62909,-1.62909
185,1.40861,-1.40861,1.59987,-1.59987
186,1.40123,-1.40123,1.56944,-1.56944
187,1.39226,-1.39226,1.53764,-1.53764
188,1.3814,-1.3814,1.50428,-1.50428
189,1.36822,-1.36822,1.46912,-1.46912
190,1.35217,-1.35217,1.43182,-1.43182
191,1.33248,-1.33248,1.39194,-1.39194
192,1.30806,-1.30806,1.34886,-1.34886
193,1.27734,-1.27734,1.30166,-1.30166
194,1.23795,-1.23795,1.25166,-1.25166
195,1.18795,-1.18795,1.20166,-1.20166
196,1.13795,-1.13795,1.15166,-1.15166
197,1.08795,-1.08795,1.1016599999999999,-1.1016599999999999
198,1.03795,-1.03795,1.0516599999999998,-1.0516599999999998
199,0.9879499999999999,-0.9879499999999999,1.0016599999999998,-1.0016599999999998
200,0.9379499999999998,-0.9379499999999998,0.9516599999999997,-0.9516599999999997
201,0.8879499999999998,-0.8879499999999998,0.9016599999999997,-0.9016599999999997
202,0.8379499999999998,-0.8379499999999998,0.8516599999999996,-0.8516599999999996
203,0.7879499999999997,-0.7879499999999997,0.8016599999999996,-0.8016599999999996
204,0.7379499999999997,-0.7379499999999997,0.7516599999999996,-0.7516599999999996
205,0.6879499999999996,-0.6879499999999996,0.7016599999999995,-0.7016599999999995
206,0.6379499999999996,-0.6379499999999996,0.6516599999999995,-0.6516599999999995
207,0.5879499999999995,-0.5879499999999995,0.6016599999999994,-0.6016599999999994
208,0.5379499999999995,-0.5379499999999995,0.5516599999999994,-0.5516599999999994
209,0.4879499999999995,-0.4879499999999995,0.5016599999999993,-0.5016599999999993
210,0.4379499999999995,-0.4379499999999995,0.45165999999999934,-0.45165999999999934
211,0.3879499999999995,-0.3879499999999995,0.40165999999999935,-0.40165999999999935
212,0.33794999999999953,-0.33794999999999953,0.35165999999999936,-0.35165999999999936
213,0.28794999999999954,-0.28794999999999954,0.3016599999999994,-0.3016599999999994
214,0.23794999999999955,-0.23794999999999955,0.2516599999999994,-0.2516599999999994
215,0.18794999999999956,-0.18794999999999956,0.2016599999999994,-0.2016599999999994
216,0.13794999999999957,-0.13794999999999957,0.1516599999999994,-0.1516599999999994
217,0.08794999999999957,-0.08794999999999957,0.1016599999999994,-0.1016599999999994
218,0.03794999999999957,-0.03794999999999957,0.0516599999999994,-0.0516599999999994
219,-0.012050000000000435,0.012050000000000435,0.001659999999999398,-0.001659999999999398
220,-0.06205000000000044,0.06205000000000044,-0.048340000000000605,0.048340000000000605
221,-0.11205000000000044,0.11205000000000044,-0.09834000000000061,0.09834000000000061
222,-0.16205000000000044,0.16205000000000044,-0.1483400000000006,0.1483400000000006
223,-0.21205000000000046,0.21205000000000046,-0.19834000000000063,0.19834000000000063
224,-0.26205000000000045,0.26205000000000045,-0.24834000000000062,0.24834000000000062
225,-0.31205000000000044,0.31205000000000044,-0.2983400000000006,0.2983400000000006
226,-0.3620500000000004,0.3620500000000004,-0.3483400000000006,0.3483400000000006
227,-0.4120500000000004,0.4120500000000004,-0.3983400000000006,0.3983400000000006
228,-0.4620500000000004,0.4620500000000004,-0.44834000000000057,0.44834000000000057
229,-0.5120500000000004,0.5120500000000004,-0.49834000000000056,0.49834000000000056
230,-0.5620500000000005,0.5620500000000005,-0.5483400000000006,0.5483400000000006
231,-0.6120500000000005,0.6120500000000005,-0.5983400000000006,0.5983400000000006
232,-0.6620500000000006,0.6620500000000006,-0.6483400000000007,0.6483400000000007
233,-0.7120500000000006,0.7120500000000006,-0.6983400000000007,0.6983400000000007
234,-0.7620500000000007,0.7620500000000007,-0.7483400000000008,0.7483400000000008
235,-0.8120500000000007,0.8120500000000007,-0.7983400000000008,0.7983400000000008
236,-0.8620500000000008,0.8620500000000008,-0.8483400000000009,0.8483400000000009
237,-0.9120500000000008,0.9120500000000008,-0.8983400000000009,0.8983400000000009
238,-0.9620500000000008,0.9620500000000008,-0.948340000000001,0.948340000000001
239,-1.0120500000000008,1.0120500000000008,-0.998340000000001,0.998340000000001
240,-1.0620500000000008,1.0620500000000008,-1.048340000000001,1.048340000000001
241,-1.1120500000000009,1.1120500000000009,-1.098340000000001,1.098340000000001
242,-1.162050000000001,1.162050000000001,-1.148340000000001,1.148340000000001
243,-1.212050000000001,1.212050000000001,-1.198340000000001,1.198340000000001
244,-1.262050000000001,1.262050000000001,-1.2483400000000011,1.2483400000000011
245,-1.312050000000001,1.312050000000001,-1.2983400000000012,1.2983400000000012
246,-1.362050000000001,1.362050000000001,-1.3483400000000012,1.3483400000000012
247,-1.4120500000000011,1.4120500000000011,-1.3983400000000012,1.3983400000000012
248,-1.4620500000000012,1.4620500000000012,-1.41507,1.41507
249,-1.5120500000000012,1.5120500000000012,-1.41095,1.41095
250,-1.5620500000000013,1.5620500000000013,-1.40605,1.40605
251,-1.6120500000000013,1.6120500000000013,-1.40015,1.40015
252,-1.61992,1.61992,-1.39296,1.39296
253,-1.58663,1.58663,-1.38412,1.38412
254,-1.55134,1.55134,-1.37329,1.37329
255,-1.51366,1.51366,-1.36001,1.36001
256,-1.47311,1.47311,-1.34368,1.34368
257,-1.42902,1.42902,-1.32348,1.32348
258,-1.38045,1.38045,-1.29821,1.29821
259,-1.33045,1.33045,-1.26614,1.26614
260,-1.2804499999999999,1.2804499999999999,-1.22462,1.22462
261,-1.2304499999999998,1.2304499999999998,-1.17462,1.17462
262,-1.1804499999999998,1.1804499999999998,-1.12462,1.12462
263,-1.1304499999999997,1.1304499999999997,-1.07462,1.07462
264,-1.0804499999999997,1.0804499999999997,-1.0246199999999999,1.0246199999999999
265,-1.0304499999999996,1.0304499999999996,-0.9746199999999998,0.9746199999999998
266,-0.9804499999999996,0.9804499999999996,-0.9246199999999998,0.9246199999999998
267,-0.9304499999999996,0.9304499999999996,-0.8746199999999997,0.8746199999999997
268,-0.8804499999999995,0.8804499999999995,-0.8246199999999997,0.8246199999999997
269,-0.8304499999999995,0.8304499999999995,-0.7746199999999996,0.7746199999999996
270,-0.7804499999999994,0.7804499999999994,-0.7246199999999996,0.7246199999999996
271,-0.7304499999999994,0.7304499999999994,-0.6746199999999996,0.6746199999999996
272,-0.6804499999999993,0.6804499999999993,-0.6246199999999995,0.6246199999999995
273,-0.6304499999999993,0.6304499999999993,-0.5746199999999995,0.5746199999999995
274,-0.5804499999999992,0.5804499999999992,-0.5246199999999994,0.5246199999999994
275,-0.5304499999999992,0.5304499999999992,-0.47461999999999943,0.47461999999999943
276,-0.4804499999999992,0.4804499999999992,-0.42461999999999944,0.42461999999999944
277,-0.4304499999999992,0.4304499999999992,-0.37461999999999945,0.37461999999999945
278,-0.38044999999999923,0.38044999999999923,-0.32461999999999946,0.32461999999999946
279,-0.33044999999999924,0.33044999999999924,-0.2746199999999995,0.2746199999999995
280,-0.28044999999999926,0.28044999999999926,-0.2246199999999995,0.2246199999999995
281,-0.23044999999999927,0.23044999999999927,-0.1746199999999995,0.1746199999999995
282,-0.18044999999999928,0.18044999999999928,-0.1246199999999995,0.1246199999999995
283,-0.1304499999999993,0.1304499999999993,-0.07461999999999949,0.07461999999999949
284,-0.08044999999999929,0.08044999999999929,-0.02461999999999949,0.02461999999999949
285,-0.030449999999999283,0.030449999999999283,0.025380000000000513,-0.025380000000000513
286,0.01955000000000072,-0.01955000000000072,0.07538000000000052,-0.07538000000000052
287,0.06955000000000072,-0.06955000000000072,0.12538000000000052,-0.12538000000000052
288,0.11955000000000073,-0.11955000000000073,0.17538000000000054,-0.17538000000000054
289,0.16955000000000073,-0.16955000000000073,0.22538000000000052,-0.22538000000000052
290,0.21955000000000074,-0.21955000000000074,0.2753800000000005,-0.2753800000000005
291,0.26955000000000073,-0.26955000000000073,0.3253800000000005,-0.3253800000000005
292,0.3195500000000007,-0.3195500000000007,0.3753800000000005,-0.3753800000000005
293,0.3695500000000007,-0.3695500000000007,0.4253800000000005,-0.4253800000000005
294,0.4195500000000007,-0.4195500000000007,0.47538000000000047,-0.47538000000000047
295,0.4695500000000007,-0.4695500000000007,0.5253800000000005,-0.5253800000000005
296,0.5195500000000007,-0.5195500000000007,0.5753800000000006,-0.5753800000000006
297,0.5695500000000008,-0.5695500000000008,0.6253800000000006,-0.6253800000000006
298,0.6195500000000008,-0.6195500000000008,0.6753800000000006,-0.6753800000000006
299,0.6695500000000009,-0.6695500000000009,0.7253800000000007,-0.7253800000000007
300,0.7195500000000009,-0.7195500000000009,0.7753800000000007,-0.7753800000000007
301,0.769550000000001,-0.769550000000001,0.8253800000000008,-0.8253800000000008
302,0.819550000000001,-0.819550000000001,0.8753800000000008,-0.8753800000000008
303,0.869550000000001,-0.869550000000001,0.9253800000000009,-0.9253800000000009
304,0.9195500000000011,-0.9195500000000011,0.9753800000000009,-0.9753800000000009
305,0.9695500000000011,-0.9695500000000011,1.0253800000000008,-1.0253800000000008
306,1.019550000000001,-1.019550000000001,1.075380000000001,-1.075380000000001
307,1.069550000000001,-1.069550000000001,1.125380000000001,-1.125380000000001
308,1.1195500000000012,-1.1195500000000012,1.175380000000001,-1.175380000000001
309,1.1695500000000012,-1.1695500000000012,1.225380000000001,-1.225380000000001
310,1.2195500000000012,-1.2195500000000012,1.275380000000001,-1.275380000000001
311,1.2695500000000013,-1.2695500000000013,1.3253800000000011,-1.3253800000000011
312,1.3195500000000013,-1.3195500000000013,1.3753800000000012,-1.3753800000000012
313,1.3695500000000014,-1.3695500000000014,1.4253800000000012,-1.4253800000000012
314,1.4195500000000014,-1.4195500000000014,1.4753800000000012,-1.4753800000000012
315,1.43049,-1.43049,1.5253800000000013,-1.5253800000000013
316,1.42747,-1.42747,1.5753800000000013,-1.5753800000000013
317,1.42393,-1.42393,1.6253800000000014,-1.6253800000000014
318,1.41975,-1.41975,1.65711,-1.65711
319,1.41474,-1.41474,1.62906,-1.62906
320,1.40868,-1.40868,1.59986,-1.59986
321,1.4013,-1.4013,1.56944,-1.56944
322,1.39233,-1.39233,1.53766,-1.53766
323,1.38147,-1.38147,1.50431,-1.50431
324,1.36829,-1.36829,1.46915,-1.46916
325,1.35224,-1.35224,1.43187,-1.43187
326,1.33255,-1.33255,1.392,-1.392
327,1.30814,-1.30814,1.34893,-1.34893
328,1.27743,-1.27743,1.30174,-1.30174
329,1.23805,-1.23805,1.2517399999999999,-1.2517399999999999
330,1.18805,-1.18805,1.2017399999999998,-1.2017399999999998
331,1.13805,-1.13805,1.1517399999999998,-1.1517399999999998
332,1.08805,-1.08805,1.1017399999999997,-1.1017399999999997
333,1.03805,-1.03805,1.0517399999999997,-1.0517399999999997
334,0.9880499999999999,-0.9880499999999999,1.0017399999999996,-1.0017399999999996
335,0.9380499999999998,-0.9380499999999998,0.9517399999999996,-0.9517399999999996
336,0.8880499999999998,-0.8880499999999998,0.9017399999999995,-0.9017399999999995
337,0.8380499999999997,-0.8380499999999997,0.8517399999999995,-0.8517399999999995
338,0.7880499999999997,-0.7880499999999997,0.8017399999999995,-0.8017399999999995
339,0.7380499999999997,-0.7380499999999997,0.7517399999999994,-0.7517399999999994
340,0.6880499999999996,-0.6880499999999996,0.7017399999999994,-0.7017399999999994
341,0.6380499999999996,-0.6380499999999996,0.6517399999999993,-0.6517399999999993
342,0.5880499999999995,-0.5880499999999995,0.6017399999999993,-0.6017399999999993
343,0.5380499999999995,-0.5380499999999995,0.5517399999999992,-0.5517399999999992
344,0.4880499999999995,-0.4880499999999995,0.5017399999999992,-0.5017399999999992
345,0.4380499999999995,-0.4380499999999995,0.4517399999999992,-0.4517399999999992
346,0.3880499999999995,-0.3880499999999995,0.4017399999999992,-0.4017399999999992
347,0.3380499999999995,-0.3380499999999995,0.3517399999999992,-0.3517399999999992
348,0.28804999999999953,-0.28804999999999953,0.30173999999999923,-0.30173999999999923
349,0.23804999999999954,-0.23804999999999954,0.25173999999999924,-0.25173999999999924
350,0.18804999999999955,-0.18804999999999955,0.20173999999999925,-0.20173999999999925
351,0.13804999999999956,-0.13804999999999956,0.15173999999999926,-0.15173999999999926
352,0.08804999999999956,-0.08804999999999956,0.10173999999999926,-0.10173999999999926
353,0.038049999999999556,-0.038049999999999556,0.05173999999999926,-0.05173999999999926
354,-0.011950000000000446,0.011950000000000446,0.001739999999999256,-0.001739999999999256
355,-0.06195000000000045,0.06195000000000045,-0.04826000000000075,0.04826000000000075
356,-0.11195000000000045,0.11195000000000045,-0.09826000000000075,0.09826000000000075
357,-0.16195000000000045,0.16195000000000045,-0.14826000000000075,0.14826000000000075
358,-0.21195000000000047,0.21195000000000047,-0.19826000000000077,0.19826000000000077
359,-0.26195000000000046,0.26195000000000046,-0.24826000000000076,0.24826000000000076
360,-0.31195000000000045,0.31195000000000045,-0.29826000000000075,0.29826000000000075
361,-0.36195000000000044,0.36195000000000044,-0.34826000000000074,0.34826000000000074
362,-0.4119500000000004,0.4119500000000004,-0.3982600000000007,0.3982600000000007
363,-0.4619500000000004,0.4619500000000004,-0.4482600000000007,0.4482600000000007
364,-0.5119500000000005,0.5119500000000005,-0.4982600000000007,0.4982600000000007
365,-0.5619500000000005,0.5619500000000005,-0.5482600000000007,0.5482600000000007
366,-0.6119500000000005,0.6119500000000005,-0.5982600000000008,0.5982600000000008
367,-0.6619500000000006,0.6619500000000006,-0.6482600000000008,0.6482600000000008
368,-0.7119500000000006,0.7119500000000006,-0.6982600000000009,0.6982600000000009
369,-0.7619500000000007,0.7619500000000007,-0.7482600000000009,0.7482600000000009
370,-0.8119500000000007,0.8119500000000007,-0.798260000000001,0.798260000000001
371,-0.8619500000000008,0.8619500000000008,-0.848260000000001,0.848260000000001
372,-0.9119500000000008,0.9119500000000008,-0.8982600000000011,0.8982600000000011
373,-0.9619500000000009,0.9619500000000009,-0.9482600000000011,0.9482600000000011
374,-1.0119500000000008,1.0119500000000008,-0.9982600000000011,0.9982600000000011
375,-1.0619500000000008,1.0619500000000008,-1.048260000000001,1.048260000000001
376,-1.1119500000000009,1.1119500000000009,-1.0982600000000011,1.0982600000000011
377,-1.161950000000001,1.161950000000001,-1.1482600000000012,1.1482600000000012
378,-1.211950000000001,1.211950000000001,-1.1982600000000012,1.1982600000000012
379,-1.261950000000001,1.261950000000001,-1.2482600000000013,1.2482600000000013
380,-1.311950000000001,1.311950000000001,-1.2982600000000013,1.2982600000000013
381,-1.361950000000001,1.361950000000001,-1.3482600000000013,1.3482600000000013
382,-1.4119500000000011,1.4119500000000011,-1.3982600000000014,1.3982600000000014
383,-1.4619500000000012,1.4619500000000012,-1.41516,1.41516
384,-1.5119500000000012,1.5119500000000012,-1.41105,1.41105
385,-1.5619500000000013,1.5619500000000013,-1.40615,1.40615
386,-1.6119500000000013,1.6119500000000013,-1.40025,1.40025
387,-1.61989,1.61989,-1.39305,1.39305
388,-1.58662,1.58662,-1.38421,1.38421
389,-1.55135,1.55135,-1.37337,1.37337
390,-1.51368,1.51368,-1.36009,1.36009
391,-1.47314,1.47314,-1.34374,1.34375
392,-1.42904,1.42904,-1.32352,1.32352
393,-1.38045,1.38045,-1.29821,1.29821
394,-1.33045,1.33045,-1.26606,1.26606
395,-1.2804499999999999,1.2804499999999999,-1.22442,1.22442
396,-1.2304499999999998,1.2304499999999998,-1.17442,1.17442
397,-1.1804499999999998,1.1804499999999998,-1.12442,1.12442
398,-1.1304499999999997,1.1304499999999997,-1.07442,1.07442
399,-1.0804499999999997,1.0804499999999997,-1.0244199999999999,1.0244199999999999
400,-1.0304499999999996,1.0304499999999996,-0.9744199999999998,0.9744199999999998
401,-0.9804499999999996,0.9804499999999996,-0.9244199999999998,0.9244199999999998
402,-0.9304499999999996,0.9304499999999996,-0.8744199999999998,0.8744199999999998
403,-0.8804499999999995,0.8804499999999995,-0.8244199999999997,0.8244199999999997
404,-0.8304499999999995,0.8304499999999995,-0.7744199999999997,0.7744199999999997
405,-0.7804499999999994,0.7804499999999994,-0.7244199999999996,0.7244199999999996
406,-0.7304499999999994,0.7304499999999994,-0.6744199999999996,0.6744199999999996
407,-0.6804499999999993,0.6804499999999993,-0.6244199999999995,0.6244199999999995
408,-0.6304499999999993,0.6304499999999993,-0.5744199999999995,0.5744199999999995
409,-0.5804499999999992,0.5804499999999992,-0.5244199999999994,0.5244199999999994
410,-0.5304499999999992,0.5304499999999992,-0.47441999999999945,0.47441999999999945
411,-0.4804499999999992,0.4804499999999992,-0.42441999999999946,0.42441999999999946
412,-0.4304499999999992,0.4304499999999992,-0.3744199999999995,0.3744199999999995
413,-0.38044999999999923,0.38044999999999923,-0.3244199999999995,0.3244199999999995
414,-0.33044999999999924,0.33044999999999924,-0.2744199999999995,0.2744199999999995
415,-0.28044999999999926,0.28044999999999926,-0.2244199999999995,0.2244199999999995
416,-0.23044999999999927,0.23044999999999927,-0.17441999999999952,0.17441999999999952
417,-0.18044999999999928,0.18044999999999928,-0.12441999999999952,0.12441999999999952
418,-0.1304499999999993,0.1304499999999993,-0.07441999999999951,0.07441999999999951
419,-0.08044999999999929,0.08044999999999929,-0.02441999999999951,0.02441999999999951
420,-0.030449999999999283,0.030449999999999283,0.02558000000000049,-0.02558000000000049
421,0.01955000000000072,-0.01955000000000072,0.0755800000000005,-0.0755800000000005
422,0.06955000000000072,-0.06955000000000072,0.1255800000000005,-0.1255800000000005
423,0.11955000000000073,-0.11955000000000073,0.1755800000000005,-0.1755800000000005
424,0.16955000000000073,-0.16955000000000073,0.2255800000000005,-0.2255800000000005
425,0.21955000000000074,-0.21955000000000074,0.2755800000000005,-0.2755800000000005
426,0.26955000000000073,-0.26955000000000073,0.3255800000000005,-0.3255800000000005
427,0.3195500000000007,-0.3195500000000007,0.37558000000000047,-0.37558000000000047
428,0.3695500000000007,-0.3695500000000007,0.42558000000000046,-0.42558000000000046
429,0.4195500000000007,-0.4195500000000007,0.47558000000000045,-0.47558000000000045
430,0.4695500000000007,-0.4695500000000007,0.5255800000000005,-0.5255800000000005
431,0.5195500000000007,-0.5195500000000007,0.5755800000000005,-0.5755800000000005
432,0.5695500000000008,-0.5695500000000008,0.6255800000000006,-0.6255800000000006
433,0.6195500000000008,-0.6195500000000008,0.6755800000000006,-0.6755800000000006
434,0.6695500000000009,-0.6695500000000009,0.7255800000000007,-0.7255800000000007
435,0.7195500000000009,-0.7195500000000009,0.7755800000000007,-0.7755800000000007
436,0.769550000000001,-0.769550000000001,0.8255800000000008,-0.8255800000000008
437,0.819550000000001,-0.819550000000001,0.8755800000000008,-0.8755800000000008
438,0.869550000000001,-0.869550000000001,0.9255800000000008,-0.9255800000000008
439,0.9195500000000011,-0.9195500000000011,0.9755800000000009,-0.9755800000000009
440,0.9695500000000011,-0.9695500000000011,1.0255800000000008,-1.0255800000000008
441,1.019550000000001,-1.019550000000001,1.0755800000000009,-1.0755800000000009
442,1.069550000000001,-1.069550000000001,1.125580000000001,-1.125580000000001
443,1.1195500000000012,-1.1195500000000012,1.175580000000001,-1.175580000000001
444,1.1695500000000012,-1.1695500000000012,1.225580000000001,-1.225580000000001
445,1.2195500000000012,-1.2195500000000012,1.275580000000001,-1.275580000000001
446,1.2695500000000013,-1.2695500000000013,1.325580000000001,-1.325580000000001
447,1.3195500000000013,-1.3195500000000013,1.3755800000000011,-1.3755800000000011
448,1.3695500000000014,-1.3695500000000014,1.4255800000000012,-1.4255800000000012
449,1.4195500000000014,-1.4195500000000014,1.4755800000000012,-1.4755800000000012
450,1.45105,-1.45105,1.5255800000000013,-1.5255800000000013
451,1.45024,-1.45024,1.5755800000000013,-1.5755800000000013
452,1.44926,-1.44926,1.6255800000000014,-1.6255800000000014
453,1.44809,-1.44809,1.64079,-1.64079
454,1.44669,-1.44669,1.61701,-1.61701
455,1.44502,-1.44502,1.59327,-1.59327
456,1.44305,-1.44305,1.56978,-1.56978
457,1.44075,-1.44075,1.54676,-1.54676
458,1.43811,-1.43811,1.52445,-1.52445
459,1.43514,-1.43514,1.5031,-1.5031
460,1.43182,-1.43182,1.48296,-1.48296
461,1.42815,-1.42815,1.46432,-1.46432
462,1.42411,-1.42411,1.44746,-1.44746
463,1.4197,-1.4197,1.4327,-1.4327
464,1.4149,-1.4149,1.42035,-1.42035
465,1.4097,-1.4097,1.41074,-1.41074
466,1.40409,-1.40409,1.40409,-1.40409
467,1.39806,-1.39806,1.39806,-1.39806
468,1.39157,-1.39157,1.39157,-1.39157
469,1.38463,-1.38463,1.38463,-1.38463
470,1.37721,-1.37721,1.37721,-1.37721
471,1.36928,-1.36928,1.36928,-1.36928
472,1.36083,-1.36083,1.36083,-1.36083
473,1.35183,-1.35183,1.35183,-1.35183
474,1.34226,-1.34226,1.34226,-1.34226
475,1.3321,-1.3321,1.3321,-1.3321
476,1.32131,-1.32131,1.32131,-1.32131
477,1.30987,-1.30987,1.30987,-1.30987
478,1.29775,-1.29775,1.29775,-1.29775
479,1.28493,-1.28493,1.28493,-1.28493
480,1.27138,-1.27138,1.27138,-1.27138
481,1.25707,-1.25707,1.25707,-1.25707
482,1.24197,-1.24197,1.24197,-1.24197
483,1.22606,-1.22606,1.22606,-1.22606
484,1.20931,-1.20931,1.20931,-1.20931
485,1.19171,-1.19171,1.19171,-1.19171
486,1.17324,-1.17324,1.17324,-1.17324
487,1.15387,-1.15387,1.15387,-1.15387
488,1.13362,-1.13362,1.13362,-1.13362
489,1.11245,-1.11246,1.11245,-1.11246
490,1.0904,-1.0904,1.0904,-1.0904
491,1.06745,-1.06745,1.06745,-1.06745
492,1.04363,-1.04363,1.04363,-1.04363
493,1.01896,-1.01896,1.01896,-1.01896
494,0.993477,-0.993478,0.993477,-0.993478
495,0.96723,-0.967231,0.96723,-0.967231
496,0.940272,-0.940272,0.940272,-0.940272
497,0.912666,-0.912667,0.912666,-0.912667
498,0.884488,-0.884489,0.884488,-0.884489
499,0.855821,-0.855822,0.855821,-0.855822
500,0.826757,-0.826758,0.826757,-0.826758
501,0.797394,-0.797395,0.797394,-0.797395
502,0.767837,-0.767838,0.767837,-0.767838
503,0.738194,-0.738195,0.738194,-0.738195
504,0.708574,-0.708574,0.708574,-0.708574
505,0.679086,-0.679087,0.679086,-0.679087
506,0.649837,-0.649838,0.649837,-0.649838
507,0.620932,-0.620932,0.620932,-0.620932
508,0.592466,-0.592467,0.592466,-0.592467
509,0.56453,-0.564531,0.56453,-0.564531
510,0.537207,-0.537207,0.537207,-0.537207
511,0.510567,-0.510567,0.510567,-0.510567
512,0.484673,-0.484674,0.484673,-0.484674
513,0.459579,-0.459579,0.459579,-0.459579
514,0.435325,-0.435325,0.435325,-0.435325
515,0.411944,-0.411945,0.411944,-0.411945
516,0.38946,-0.38946,0.38946,-0.38946
517,0.367886,-0.367887,0.367886,-0.367887
518,0.34723,-0.34723,0.34723,-0.34723
519,0.32749,-0.32749,0.32749,-0.32749
520,0.308659,-0.30866,0.308659,-0.30866
521,0.290726,-0.290726,0.290726,-0.290726
522,0.273673,-0.273673,0.273673,-0.273673
523,0.257479,-0.257479,0.257479,-0.257479
524,0.242121,-0.242121,0.242121,-0.242121
525,0.227572,-0.227573,0.227572,-0.227573
526,0.213805,-0.213805,0.213805,-0.213805
527,0.20079,-0.20079,0.20079,-0.20079
528,0.188496,-0.188496,0.188496,-0.188496
529,0.176894,-0.176894,0.176894,-0.176894
530,0.165952,-0.165952,0.165952,-0.165952
531,0.15564,-0.15564,0.15564,-0.15564
532,0.145927,-0.145927,0.145927,-0.145927
533,0.136784,-0.136784,0.136784,-0.136784
534,0.128182,-0.128182,0.128182,-0.128182
535,0.120093,-0.120093,0.120093,-0.120093
536,0.112489,-0.112489,0.112489,-0.112489
537,0.105345,-0.105345,0.105345,-0.105345
538,0.0986348,-0.0986349,0.0986348,-0.0986349
539,0.0923345,-0.0923346,0.0923345,-0.0923346
