frame,RL_pos_err_mm,RL_ori_err_deg,LL_pos_err_mm,LL_ori_err_deg,RL_max_delta_deg,LL_max_delta_deg,RL_max_frame_delta_deg,LL_max_frame_delta_deg,RL_max_velocity_deg_s,LL_max_velocity_deg_s,RL_solver_success,LL_solver_success,RL_solver_status,LL_solver_status,RL_nfev,LL_nfev,RL_limit_violation,LL_limit_violation
0,0,0,0,0,0,0,0,0,0,0,1,1,0,0,0,0,0,0
1,1.38777878078e-14,3.52274009674e-15,6.93889390391e-15,9.62955640514e-15,0.00566317621778,0.00566388694318,0.00566317621778,0.00566388694318,0.566317621778,0.566388694318,1,1,3,3,5,5,0,0
2,5.05159101305e-14,1.07198359916e-15,1.12743681122e-13,6.13344838752e-16,0.0119516854342,0.0119534485802,0.0062885092164,0.00628956163707,0.62885092164,0.628956163707,1,1,3,3,5,5,0,0
3,6.20633538312e-14,1.91453104895e-13,5.72195849815e-14,5.16703577877e-16,0.0189063997524,0.0189096494064,0.00695471431818,0.00695620082612,0.695471431818,0.695620082612,1,1,3,3,5,5,0,0
4,7.50556132966e-14,9.62801271403e-15,3.46944695195e-14,1.00257283821e-14,0.026572125896,0.0265774066226,0.00766572614361,0.00766775721624,0.766572614361,0.766775721624,1,1,3,3,5,5,0,0
5,1.21974623674e-13,4.98764949187e-15,2.08166817117e-14,3.10817950781e-14,0.0349978950926,0.035005883253,0.00842576919662,0.00842847663039,0.842576919662,0.842847663039,1,1,3,3,5,5,0,0
6,5.76387816845e-14,1.38170068722e-12,3.46944695195e-14,1.36923415732e-14,0.044237253552,0.0442487824188,0.00923935845945,0.00924289916583,0.923935845945,0.924289916583,1,1,3,3,5,5,0,0
7,4.85722573274e-14,4.79836734651e-15,5.72195849815e-14,4.3432377463e-15,0.0543485557194,0.0543646450364,0.0101113021674,0.0101158626176,1.01113021674,1.01158626176,1,1,3,3,5,5,0,0
8,2.50185377655e-14,3.28470681353e-15,1.14439169963e-13,7.97140778521e-14,0.0653952667049,0.0654171576646,0.0110467109855,0.0110525126282,1.10467109855,1.10525126282,1,1,3,3,6,5,0,0
9,5.72195849815e-14,4.19910189797e-15,6.93889390391e-15,2.63534820992e-13,0.0774462776134,0.0774754727802,0.0120510109085,0.0120583151156,1.20510109085,1.20583151156,1,1,3,3,6,5,0,0
10,8.77708367144e-14,2.08137350042e-14,6.54613941668e-14,9.35407735346e-15,0.0905762350328,0.0906145475532,0.0131299574195,0.013139074773,1.31299574195,1.3139074773,1,1,3,3,6,5,0,0
11,4.16333634234e-14,3.46651799256e-15,5.72195849815e-14,1.54000880047e-12,0.104865891275,0.104915500074,0.0142896562424,0.0143009525206,1.42896562424,1.43009525206,1,1,3,3,6,5,0,0
12,1.55158384578e-14,6.96854562042e-15,1.38777878078e-14,1.62071242214e-15,0.120402474821,0.120465990455,0.0155365835456,0.0155504903811,1.55365835456,1.55504903811,1,1,3,3,6,6,0,0
13,1.24320504358e-13,5.31183920864e-15,4.38854183572e-14,1.21400117688e-14,0.137280084632,0.137360626006,0.0168776098115,0.0168946355514,1.68776098115,1.68946355514,1,1,3,3,6,6,0,0
14,5.72195849815e-14,1.16457618668e-14,6.08885468947e-14,5.82757599832e-15,0.15560010998,0.155701393911,0.0183200253478,0.018340767905,1.83200253478,1.8340767905,1,1,3,3,6,6,0,0
15,5.72195849815e-14,5.96237074333e-15,5.92859355033e-14,1.635430279e-15,0.175471677843,0.175598123522,0.0198715678625,0.0198967296102,1.98715678625,1.98967296102,1,1,3,3,6,6,0,0
16,1.55158384578e-14,1.16914831645e-14,1.21182572286e-13,1.05555547304e-14,0.197012132144,0.197168982841,0.0215404543013,0.0215708593196,2.15404543013,2.15708593196,1,1,3,3,6,6,0,0
17,1.55158384578e-14,2.18664114033e-15,5.59431511414e-14,1.18842475187e-14,0.220347541491,0.220541006214,0.0233354093474,0.0233720233727,2.33354093474,2.33720233727,1,1,3,3,6,6,0,0
18,7.24441791896e-14,3.31913501603e-15,2.77555756156e-14,1.15893393798e-15,0.24561324428,0.245850662495,0.0252657027891,0.0253096562812,2.52657027891,2.53096562812,1,1,3,3,6,6,0,0
19,5.05159101305e-14,4.26334610031e-15,2.77555756156e-14,9.80075853424e-15,0.27295442597,0.273244458967,0.0273411816895,0.0273937964715,2.73411816895,2.73937964715,1,1,3,3,6,6,0,0
20,1.96261557335e-14,1.85209411699e-15,1.38777878078e-14,7.99750354768e-15,0.302526736853,0.302879589865,0.0295723108835,0.0296351308982,2.95723108835,2.96351308982,1,1,3,3,6,6,0,0
21,5.72195849815e-14,6.34489405665e-15,2.50185377655e-14,1.81923357648e-15,0.334496945467,0.334924625255,0.0319702086131,0.0320450353906,3.19702086131,3.20450353906,1,1,3,3,6,6,0,0
22,1.96261557335e-14,4.21604625801e-15,6.39734408315e-14,9.55307865018e-15,0.369043633825,0.369560247152,0.0345466883583,0.0346356218968,3.45466883583,3.46356218968,1,1,3,3,6,6,0,0
23,1.38777878078e-14,3.87211378439e-16,6.93889390391e-15,1.2023710075e-15,0.406357929929,0.406980029089,0.037314296104,0.0374197819366,3.7314296104,3.74197819366,1,1,3,3,6,6,0,0
24,1.15277563369e-13,4.21096979895e-15,6.08885468947e-14,8.6830034216e-15,0.446644282887,0.447391265399,0.0402863529585,0.0404112363103,4.02863529585,4.04112363103,1,1,3,3,6,6,0,0
25,3.10316769156e-14,1.25889802941e-14,1.12957008997e-13,3.2704117425e-15,0.490121276561,0.491015847107,0.0434769936737,0.0436245817079,4.34769936737,4.36245817079,1,1,3,3,6,6,0,0
26,5.88784672006e-14,2.74505472198e-15,6.93889390391e-15,1.20242251038e-15,0.537022488617,0.538091192484,0.046901212056,0.0470753453767,4.6901212056,4.70753453767,1,1,3,3,6,6,0,0
27,6.79869977755e-14,1.21335622824e-14,2.77555756156e-14,1.76123144276e-14,0.587597400614,0.588871239222,0.0505749119972,0.0507800467385,5.05749119972,5.07800467385,1,1,3,3,6,6,0,0
28,5.72195849815e-14,4.29981338848e-15,5.72195849815e-14,1.02301595963e-14,0.642112376773,0.643627517457,0.0545149761584,0.0547562782351,5.45149761584,5.47562782351,1,1,3,3,6,6,0,0
29,3.46944695195e-14,9.28097931529e-15,5.72195849815e-14,5.88911188004e-15,0.700851737499,0.702650331574,0.0587393607267,0.0590228141162,5.87393607267,5.90228141162,1,1,3,3,6,6,0,0
30,6.20633538312e-14,2.02701095703e-15,5.92859355033e-14,1.58678785094e-15,0.764118964978,0.766250090374,0.0632672274791,0.0635997588,6.32672274791,6.35997588,1,1,3,3,6,6,0,0
31,1.38777878078e-14,4.52821521467e-15,1.55158384578e-14,2.65658683534e-15,0.832238082394,0.834758829898,0.0681191174157,0.0685087395242,6.81191174157,6.85087395242,1,1,3,3,6,6,0,0
32,2.08166817117e-14,5.03212086194e-15,6.54613941668e-14,1.15597789824e-14,0.905555224988,0.908531950209,0.073317142594,0.0737731203109,7.3317142594,7.37731203109,1,1,3,3,6,6,0,0
33,5.92859355033e-14,1.00801203573e-14,8.993834425e-14,1.81079946658e-14,0.984440371998,0.987950138501,0.0788851470095,0.0794181882922,7.88851470095,7.94181882922,1,1,3,3,6,6,0,0
34,5.88784672006e-14,3.85756506072e-15,3.73670872518e-14,9.7416431714e-16,1.06928908221,1.07342132403,0.0848487102158,0.0854711855297,8.48487102158,8.54711855297,1,1,3,3,6,6,0,0
35,5.72195849815e-14,8.12930143553e-15,6.93889390391e-15,1.16152671498e-14,1.16052389605,1.16538232881,0.0912348138374,0.0919610047792,9.12348138374,9.19610047792,1,1,3,3,6,6,0,0
36,3.73670872518e-14,2.82630263521e-15,9.43791607972e-14,8.85622412748e-15,1.25859481698,1.26429962431,0.0980709209332,0.0989172955039,9.80709209332,9.89172955039,1,1,3,3,6,6,0,0
37,2.50185377655e-14,2.21000476273e-15,5.72195849815e-14,5.24749298222e-15,1.36397747785,1.37066778576,0.105382660863,0.106368161443,10.5382660863,10.6368161443,1,1,3,3,6,6,0,0
38,4.16333634234e-14,6.63788357069e-15,6.08885468947e-14,5.1731763645e-14,1.4771677431,1.4850043727,0.113190265253,0.114336586942,11.3190265253,11.4336586942,1,1,3,3,6,6,0,0
39,2.50185377655e-14,2.78461530338e-15,3.46944695195e-14,2.19822852999e-15,1.59867746723,1.60784598957,0.121509724128,0.122841616876,12.1509724128,12.2841616876,1,1,3,3,6,6,0,0
40,8.46999943497e-14,4.7304576766e-15,6.54613941668e-14,6.45315905011e-15,1.72902667088,1.73974073318,0.130349203656,0.131894743603,13.0349203656,13.1894743603,1,1,3,3,7,6,0,0
41,6.54613941668e-14,3.23195478373e-15,4.65475153734e-14,2.85420734796e-13,1.86873699213,1.88124192101,0.139710321244,0.141501187828,13.9710321244,14.1501187828,1,1,3,3,7,6,0,0
42,4.44305997371e-14,8.1137557587e-15,6.93889390391e-15,4.9411215995e-13,2.01833540727,2.03291222447,0.149598415141,0.151670303462,14.9598415141,15.1670303462,1,1,3,3,7,6,0,0
43,6.35960131078e-14,8.28783347113e-15,2.50185377655e-14,3.68931852946e-15,2.17838175003,2.19535201879,0.160046342764,0.162439794319,16.0046342764,16.2439794319,1,1,3,3,7,6,0,0
44,1.55158384578e-14,4.33267567954e-15,6.08885468947e-14,3.14773608206e-15,2.34953791831,2.36927034891,0.171156168272,0.173918330126,17.1156168272,17.3918330126,1,1,3,3,7,6,0,0
45,2.50185377655e-14,3.25933838557e-15,2.08166817117e-14,4.84607921337e-15,2.53269587702,2.55561636148,0.184906275606,0.186346012569,18.4906275606,18.6346012569,1,1,3,3,7,6,0,0
46,1.12101261755e-13,4.89304641305e-15,1.96261557335e-14,3.01478608385e-15,2.72916854481,2.75577608939,0.203999210859,0.200159727904,20.3999210859,20.0159727904,1,1,3,3,7,6,0,0
47,6.69162694769e-14,6.8110005638e-15,4.16333634234e-14,6.66573001006e-15,2.94091301327,2.97180436861,0.226514223163,0.216028279225,22.6514223163,21.6028279225,1,1,3,3,7,6,0,0
48,3.92523114671e-14,1.33708586211e-14,1.96261557335e-14,3.48879115401e-15,3.17069018344,3.20659474159,0.253765004612,0.234790372981,25.3765004612,23.4790372981,1,1,3,3,7,7,0,0
49,3.46944695195e-14,5.23769905296e-15,5.92859355033e-14,1.38958467423e-14,3.42196633803,3.46378821099,0.287191751532,0.257193469401,28.7191751532,25.7193469401,1,1,3,3,7,7,0,0
50,7.07631108375e-14,2.01360180703e-14,7.07631108375e-14,4.33303782415e-15,3.69824599155,3.7470994239,0.327722655667,0.283311212907,32.7722655667,28.3311212907,1,1,3,3,7,7,0,0
51,6.35960131078e-14,9.40800376212e-15,2.50185377655e-14,5.36495477842e-15,4.00144144419,4.05864590651,0.374448857119,0.311546482609,37.4448857119,31.1546482609,1,1,3,3,7,7,0,0
52,5.92859355033e-14,9.20310530609e-15,2.50185377655e-14,6.40986459043e-15,4.3302639273,4.39727702397,0.424142058624,0.338631117464,42.4142058624,33.8631117464,1,1,3,3,7,7,0,0
53,6.20633538312e-14,1.45732034113e-14,2.08166817117e-14,9.86600446461e-15,4.70973777691,4.76056377789,0.475465525601,0.363286753917,47.5465525601,36.3286753917,1,1,3,3,7,7,0,0
54,5.76387816845e-14,1.30758255981e-13,3.10316769156e-14,4.93919973259e-15,5.23761265586,5.1456416565,0.52787487895,0.385077878613,52.787487895,38.5077878613,1,1,3,3,7,7,0,0
55,1.15277563369e-13,1.18215139759e-14,3.10316769156e-14,6.27663829058e-15,5.81853888563,5.54941176934,0.580926229769,0.403770112837,58.0926229769,40.3770112837,1,1,3,3,7,7,0,0
56,6.08885468947e-14,2.19671454652e-14,6.93889390391e-15,5.17771226845e-15,6.45278584664,5.96868534737,0.63424696101,0.419273578036,63.424696101,41.9273578036,1,1,3,3,8,7,0,0
57,6.20633538312e-14,1.62343647944e-14,1.38777878078e-14,6.56127723032e-15,7.14031211474,6.40029043082,0.687526268101,0.431605083442,68.7526268101,43.1605083442,1,1,3,3,8,7,0,0
58,7.8810685003e-14,2.33191357347e-14,1.11238931551e-13,5.74330086274e-15,7.88082402996,6.84114913585,0.740511915215,0.440858705036,74.0511915215,44.0858705036,1,1,3,3,8,7,0,0
59,3.92523114671e-14,2.85572967923e-14,6.24500451352e-14,5.81241895192e-15,8.67383446595,7.28833199699,0.793010435995,0.447182861143,79.3010435995,44.7182861143,1,1,3,3,8,7,0,0
60,5.59431511414e-14,1.70075620941e-14,5.76387816845e-14,6.06883922542e-15,9.51872366886,7.73909448869,0.844889202907,0.450762491698,84.4889202907,45.0762491698,1,1,3,3,8,7,0,0
61,3.46944695195e-14,2.84947949293e-14,5.59431511414e-14,8.45424079329e-15,10.4148032638,8.19089974858,0.896079594957,0.451805259884,89.6079594957,45.1805259884,1,1,3,3,8,7,0,0
62,5.59431511414e-14,2.24135977129e-14,7.07631108375e-14,6.58960411537e-14,11.3613843662,8.64143067753,0.946581102373,0.450530928952,94.6581102373,45.0530928952,1,1,3,3,8,7,0,0
63,3.46944695195e-14,2.88307578269e-14,5.59431511414e-14,7.97564361584e-15,12.3578510333,9.0885939404,0.996466667141,0.447163262875,99.6466667141,44.7163262875,1,1,3,3,8,7,0,0
64,3.46944695195e-14,2.98379860767e-14,1.55158384578e-14,1.13015006662e-14,13.4037410285,9.53051786006,1.04588999519,0.441923919659,104.588999519,44.1923919659,1,1,3,3,8,7,0,0
65,6.93889390391e-15,3.27659763088e-14,2.08166817117e-14,6.79311320858e-15,14.49883706,9.96554579755,1.09509603152,0.43502793749,109.509603152,43.502793749,1,1,3,3,8,7,0,0
66,6.35960131078e-14,4.14187119794e-14,5.59431511414e-14,4.88343306386e-15,15.6432734915,10.3922262825,1.1444364315,0.426680484951,114.44364315,42.6680484951,1,1,3,3,8,7,0,0
67,6.20633538312e-14,3.1958168041e-14,2.94392336003e-14,1.5186405341e-13,16.837666301,10.8093008922,1.19439280946,0.417074609728,119.439280946,41.7074609728,1,1,3,3,8,7,0,0
68,6.93889390391e-15,4.85329687077e-14,2.86097924908e-14,1.34560817932e-14,18.083278505,11.2156906749,1.24561220397,0.406389782697,124.561220397,40.6389782697,1,1,3,3,8,7,0,0
69,2.77555756156e-14,4.27587535558e-14,4.65475153734e-14,1.41374130645e-14,19.3822405304,11.610481735,1.29896202548,0.39479106006,129.896202548,39.479106006,1,1,3,3,8,7,0,0
70,6.79869977755e-14,3.44738858044e-14,6.24500451352e-14,5.56698526346e-14,20.7378575732,11.9929104629,1.35561704277,0.382428727934,135.561704277,38.2428727934,1,1,3,3,8,7,0,0
71,0,5.45980640266e-14,2.08166817117e-14,4.34408580634e-15,22.1550587034,12.3623487799,1.41720113021,0.369438316959,141.720113021,36.9438316959,1,1,1,3,8,7,0,0
72,6.20633538312e-14,5.63067139225e-14,5.96906223549e-14,6.43546140518e-15,23.6410859477,12.7182896712,1.48602724429,0.35594089136,148.602724429,35.594089136,1,1,3,3,9,7,0,0
73,3.10316769156e-14,5.3333019385e-14,5.88784672006e-14,7.65285116063e-15,25.2066104269,13.0603332113,1.56552447915,0.342043540085,156.552447915,34.2043540085,1,1,3,3,9,7,0,0
74,5.59431511414e-14,6.62716403106e-14,9.81307786677e-15,8.73231645681e-15,26.8676592678,13.388173222,1.66104884095,0.327840010667,166.104884095,32.7840010667,1,1,3,3,9,7,0,0
75,1.17756934401e-13,8.04115268338e-14,4.22076438404e-14,1.00767163616e-14,28.4997018122,13.7015846552,1.63204254441,0.31341143317,163.204254441,31.341143317,1,1,3,3,9,7,0,0
76,3.46944695195e-14,5.64568000916e-14,5.55111512313e-14,4.74933394284e-15,29.6925372238,14.0004117541,1.19283541159,0.298827098976,119.283541159,29.8827098976,1,1,3,3,9,7,0,0
77,5.72195849815e-14,3.76491230978e-14,2.86097924908e-14,4.04083902302e-15,30.3222718833,14.2845570156,0.629734659517,0.291757316322,62.9734659517,29.1757316322,1,1,3,3,9,7,0,0
78,6.79869977755e-14,7.31982572283e-15,4.51028103754e-14,1.77101973101e-14,30.3284628179,14.5539709545,0.276101490819,0.287550078589,27.6101490819,28.7550078589,1,1,3,3,8,7,0,0
79,7.8810685003e-14,2.53009974396e-14,5.85710057404e-14,5.71067853658e-15,29.7330243625,14.8086426495,0.595438455377,0.281691996625,59.5438455377,28.1691996625,1,1,3,3,9,7,0,0
80,2.77555756156e-14,5.37656758953e-14,2.11038219202e-14,1.30657875528e-14,28.6319941762,15.0485910398,1.10103018633,0.274249695711,110.103018633,27.4249695711,1,1,3,3,9,7,0,0
81,6.24500451352e-14,6.90911186053e-14,3.53815554188e-14,4.09686595979e-15,27.1530871646,15.2738569327,1.47890701152,0.265290158753,147.890701152,26.5290158753,1,1,3,3,9,7,0,0
82,6.93889390391e-15,6.73132434711e-14,6.93889390391e-15,5.46740291061e-15,25.4384659347,15.4844956703,1.71462122998,0.254879804246,171.462122998,25.4879804246,1,1,3,3,9,7,0,0
83,6.93889390391e-15,9.97569754105e-14,5.81585287368e-14,9.57278666257e-15,23.5991913197,15.6805704078,1.83927461493,0.243083795749,183.927461493,24.3083795749,1,1,3,3,9,7,0,0
84,5.72195849815e-14,6.15547937201e-14,5.96906223549e-14,2.73027219045e-15,21.6991547553,15.8621459459,1.90003656444,0.229965552115,190.003656444,22.9965552115,1,1,3,3,10,7,0,0
85,5.72195849815e-14,6.6314047815e-14,2.79715755707e-14,4.38630338166e-15,19.7857367145,16.0292830627,1.91341804082,0.21558644157,191.341804082,21.558644157,1,1,3,3,10,7,0,0
86,2.08166817117e-14,5.20155114747e-14,6.93889390391e-15,5.15748048834e-15,17.8944903943,16.182033293,1.89124632011,0.200005648384,189.124632011,20.0005648384,1,1,3,3,10,7,0,0
87,7.37614539776e-14,5.22872412547e-14,1.25092688828e-14,2.97656854193e-15,16.1732037818,16.3204340982,1.84180908711,0.183280185592,184.180908711,18.3280185592,1,1,3,3,9,7,0,0
88,1.38777878078e-14,3.81075420642e-14,2.11038219202e-14,3.9393001596e-15,16.3829070848,16.4445043795,1.77094215345,0.165465051629,177.094215345,16.5465051629,1,1,3,3,9,7,0,0
89,7.97218214574e-14,5.04133152623e-14,5.81585287368e-14,5.63414249464e-15,16.5805139339,16.5542402837,1.6828401828,0.146613514843,168.28401828,14.6613514843,1,1,3,3,9,7,0,0
90,3.46944695195e-14,3.24810038937e-14,9.59601612473e-14,4.32219025558e-15,16.7645756928,16.6496112602,1.58061202566,0.126777519301,158.061202566,12.6777519301,1,1,3,3,9,7,0,0
91,6.54613941668e-14,4.1137387803e-14,5.59431511414e-14,1.30664953227e-15,16.9335781329,16.7305563232,1.46664950921,0.106008201676,146.664950921,10.6008201676,1,1,3,3,9,7,0,0
92,1.03851854526e-13,1.90401398545e-14,5.73246715439e-14,2.46188895485e-15,17.0859635921,16.7969804825,1.34287047412,0.084356512549,134.287047412,8.4356512549,1,1,3,3,8,6,0,0
93,8.35553472161e-14,1.84503402491e-14,1.04083408559e-14,6.81122589915e-15,17.2201550911,16.8487512975,1.2108794183,0.061873924198,121.08794183,6.1873924198,1,1,3,3,8,6,0,0
94,2.08166817117e-14,1.11608090864e-14,6.5553269853e-14,5.47301968408e-15,17.3345818059,16.8856955025,1.07207463613,0.0418395530385,107.207463613,4.18395530385,1,1,3,3,8,6,0,0
95,6.20633538312e-14,1.77464062307e-14,6.77209028297e-14,9.95907622948e-15,17.42770516,16.9075956412,0.927720535436,0.0314568751764,92.7720535436,3.14568751764,1,1,3,3,8,6,0,0
96,6.20633538312e-14,9.4014933337e-15,5.72195849815e-14,1.13959144015e-14,17.4980446642,16.9141866229,0.778997286494,0.0308751046526,77.8997286494,3.08751046526,1,1,3,3,8,6,0,0
97,2.86097924908e-14,8.74275773604e-15,5.93873657495e-14,3.49217145539e-15,17.5442025339,16.9051520982,0.627035742527,0.0454277936937,62.7035742527,4.54277936937,1,1,3,3,8,6,0,0
98,3.46944695195e-14,4.18473203471e-15,6.0192654933e-14,3.20267128195e-15,17.5648860605,16.8801205446,0.55667365345,0.0610658409196,55.667365345,6.10658409196,1,1,3,3,8,6,0,0
99,3.46944695195e-14,1.60746566631e-14,8.3627346667e-14,9.7224200482e-16,17.558926753,16.8386609889,0.48329967477,0.0873251787666,48.329967477,8.73251787666,1,1,3,3,8,6,0,0
100,5.59431511414e-14,8.03123368741e-15,5.96906223549e-14,1.10819829503e-14,17.5252954224,16.7802784142,0.407084827073,0.113974825071,40.7084827073,11.3974825071,1,1,3,3,8,6,0,0
101,3.10316769156e-14,1.41700507249e-14,6.5553269853e-14,3.33995602863e-14,17.4631127105,16.7044091246,0.328603897333,0.140929789488,32.8603897333,14.0929789488,1,1,3,3,7,6,0,0
102,7.47341745035e-14,7.98556962096e-15,1.12101261755e-13,9.0816279301e-15,17.3716550708,16.6104167325,0.390334674469,0.168094184102,39.0334674469,16.8094184102,1,1,3,3,7,6,0,0
103,6.20633538312e-14,3.49081037895e-14,5.6371840561e-14,1.360208151e-14,17.2503568666,16.4975899251,0.456863800205,0.195356275021,45.6863800205,19.5356275021,1,1,3,3,8,7,0,0
104,3.10316769156e-14,1.68874983235e-14,5.93873657495e-14,1.1441168103e-14,17.098810439,16.3651442013,0.518296061017,0.222580285026,51.8296061017,22.2580285026,1,1,3,3,8,7,0,0
105,6.20633538312e-14,1.57763622765e-14,1.86835436259e-14,8.14853565105e-15,16.916766121,16.2122296915,0.574107083352,0.249595806941,57.4107083352,24.9595806941,1,1,3,3,8,7,0,0
106,1.38777878078e-14,1.82796399148e-14,1.21628735854e-13,4.2054728292e-15,16.6780437322,16.0105671835,0.619962349501,0.312943326009,61.9962349501,31.2943326009,1,1,3,3,8,7,0,0
107,3.92523114671e-14,1.43194938734e-14,7.7579192289e-15,1.15960497826e-14,16.36481577,15.7404200957,0.606475130967,0.396542552082,60.6475130967,39.6542552082,1,1,3,3,8,7,0,0
108,3.46944695195e-14,2.09149685925e-14,6.62836909476e-14,1.39268995962e-14,15.9897024906,15.4138159568,0.618441561549,0.455734939377,61.8441561549,45.5734939377,1,1,3,3,8,7,0,0
109,4.44305997371e-14,2.39805524933e-14,7.91915991846e-14,1.14058961588e-14,15.5654508433,15.0427665688,0.654111755417,0.491902723529,65.4111755417,49.1902723529,1,1,3,3,8,7,0,0
110,6.24500451352e-14,2.40491187228e-14,5.69031608876e-14,2.53528871332e-14,15.1046404542,14.6389978752,0.710221733332,0.507699069492,71.0221733332,50.7699069492,1,1,3,3,8,7,0,0
111,5.59431511414e-14,1.97984366869e-14,2.19427091786e-14,1.05696369389e-13,14.6192820859,14.2135758652,0.782027932627,0.506658958169,78.2027932627,50.6658958169,1,1,3,3,9,7,0,0
112,3.92523114671e-14,1.89762356588e-14,1.55158384578e-14,9.91085079378e-15,14.1203075658,13.7764226651,0.863252903199,0.492846265383,86.3252903199,49.2846265383,1,1,3,3,9,7,0,0
113,6.93889390391e-14,2.54415364157e-14,1.96261557335e-14,1.2252999963e-14,13.6169807137,13.3357478747,0.945970324545,0.470531262416,94.5970324545,47.0531262416,1,1,3,3,9,7,0,0
114,5.00370755311e-14,3.08454537778e-14,1.04083408559e-14,1.15038972039e-12,13.1163020013,12.8974652223,1.02052128927,0.443876222735,102.052128927,44.3876222735,1,1,3,3,9,7,0,0
115,3.46944695195e-14,2.46275389179e-14,3.10316769156e-14,1.31178695258e-14,13.0267114085,12.464718199,1.07564575053,0.432747023334,107.564575053,43.2747023334,1,1,3,3,9,7,0,0
116,5.55111512313e-14,3.59791614295e-14,3.46944695195e-15,9.32685540773e-15,13.6079265706,12.0387650329,1.10217490603,0.425953166082,110.217490603,42.5953166082,1,1,3,3,9,7,0,0
117,5.72195849815e-14,3.42032330393e-14,6.87791060272e-14,9.41245760467e-13,14.1626632049,11.6219333171,1.09928463695,0.416831715749,109.928463695,41.6831715749,1,1,3,3,9,7,0,0
118,4.44305997371e-14,3.36480616016e-14,5.6371840561e-14,7.57937752566e-13,15.2214898122,11.214610118,1.05882660732,0.407323199084,105.882660732,40.7323199084,1,1,3,3,9,7,0,0
119,4.85722573274e-14,1.92599871915e-13,7.91155630661e-14,6.45765051458e-13,16.1946478121,10.814880197,0.973157999897,0.399729921018,97.3157999897,39.9729921018,1,1,3,3,9,7,0,0
120,5.55111512313e-14,2.54280023584e-14,6.24500451352e-14,7.39116542244e-13,17.017920057,10.4149105045,0.823272244934,0.399969692508,82.3272244934,39.9969692508,1,1,3,3,9,7,0,0
121,3.10316769156e-14,1.67806963622e-14,1.73472347598e-14,9.60512162154e-15,17.6171210611,10.0035848487,0.599201004056,0.411325655784,59.9201004056,41.1325655784,1,1,3,3,9,7,0,0
122,6.24500451352e-14,5.29127792675e-15,4.65475153734e-14,1.89697796619e-12,17.960501274,9.58067682807,0.44825266255,0.422908020664,44.825266255,42.2908020664,1,1,3,3,8,7,0,0
123,1.38777878078e-14,5.07086494792e-15,1.12957008997e-13,1.15619600374e-14,18.0672751489,9.14879405058,0.449701402905,0.431882777488,44.9701402905,43.1882777488,1,1,3,3,8,7,0,0
124,2.08166817117e-14,8.39513938154e-15,2.77555756156e-14,2.5077402808e-12,17.9274697911,8.70999255007,0.449188656147,0.438801500516,44.9188656147,43.8801500516,1,1,3,3,8,7,0,0
125,4.16333634234e-14,1.19206598335e-14,2.77555756156e-14,5.90027091034e-15,17.5320862924,8.26588340373,0.44728444226,0.44410914634,44.728444226,44.410914634,1,1,3,3,8,7,0,0
126,2.86097924908e-14,2.70037463146e-14,1.55158384578e-14,9.68596039647e-15,16.8815847996,7.8177698964,0.650501492751,0.448113507322,65.0501492751,44.8113507322,1,1,3,3,9,7,0,0
127,5.55111512313e-14,2.90371923783e-14,6.93889390391e-14,1.22921768519e-14,15.9858967638,7.36680840512,0.895688035845,0.45096149128,89.5688035845,45.096149128,1,1,3,3,9,7,0,0
128,5.55111512313e-14,4.24316403402e-14,1.96261557335e-14,8.12839874969e-13,14.8631710286,6.91418739982,1.12272573525,0.452621005308,112.272573525,45.2621005308,1,1,3,3,9,7,0,0
129,2.86097924908e-14,3.9411848101e-14,1.38777878078e-14,1.32088389157e-14,13.6158731975,6.46131996091,1.24729783109,0.452867438907,124.729783109,45.2867438907,1,1,3,3,9,7,0,0
130,3.10316769156e-14,3.92574512121e-14,5.59431511414e-14,7.92083368598e-15,12.4456686861,6.15465338166,1.1702045114,0.451273918948,117.02045114,45.1273918948,1,1,3,3,9,7,0,0
131,3.73670872518e-14,3.30576727429e-14,6.93889390391e-14,7.72186271135e-14,11.3564406687,6.39546568209,1.08922801735,0.447886384866,108.922801735,44.7886384866,1,1,3,3,9,7,0,0
132,1.38777878078e-14,3.28289452544e-14,5.55111512313e-14,3.67963800393e-14,10.3403065583,6.62105335837,1.01613411044,0.44484537438,101.613411044,44.484537438,1,1,3,3,9,7,0,0
133,2.50185377655e-14,3.17636464307e-14,5.55111512313e-14,6.6643515798e-15,9.39006506218,6.83092048131,0.950241496082,0.442590603579,95.0241496082,44.2590603579,1,1,3,3,9,7,0,0
134,1.38777878078e-14,2.34508917093e-14,5.56194657757e-14,1.07398796533e-14,8.51112499276,7.02460737428,0.890107042389,0.440940560427,89.0107042389,44.0940560427,1,1,3,3,9,7,0,0
135,1.96261557335e-14,2.95665572287e-14,2.96429677517e-14,6.49687900709e-15,7.91573721682,7.20170288124,0.834618127436,0.43971876997,83.4618127436,43.971876997,1,1,3,3,9,7,0,0
136,1.96261557335e-14,2.1068455501e-14,2.77555756156e-14,5.6194755242e-15,7.34959469338,7.36185539548,0.782906851772,0.438753468461,78.2906851772,43.8753468461,1,1,3,3,9,7,0,0
137,3.92523114671e-14,1.6538599764e-14,3.41700896807e-14,9.48968351026e-15,6.8114309445,7.50478324644,0.734292101006,0.437877777297,73.4292101006,43.7877777297,1,1,3,3,9,7,0,0
138,1.38777878078e-14,2.57781055495e-14,1.73472347598e-14,6.81290872134e-15,6.30019267172,7.63028481005,0.688239400401,0.436930241571,68.8239400401,43.6930241571,1,1,3,3,8,7,0,0
139,3.10316769156e-14,1.29414067536e-14,4.06088354288e-14,1.00896523491e-14,5.81498486174,7.73824853028,0.644332363955,0.435755617237,64.4332363955,43.5755617237,1,1,3,3,8,7,0,0
140,6.97350206824e-14,1.90798467587e-14,1.38777878078e-14,6.02372815274e-15,5.35502650217,7.82866290058,0.602251815033,0.434205822852,60.2251815033,43.4205822852,1,1,3,3,8,7,0,0
141,1.96261557335e-14,3.05039983151e-14,1.73472347598e-14,1.06975279673e-14,4.91961417935,7.9016263445,0.561760026253,0.432140988681,56.1760026253,43.2140988681,1,1,3,3,8,7,0,0
142,5.72195849815e-14,8.02872931649e-15,4.71895803986e-14,1.18432033972e-14,4.50809173266,7.78486983627,0.522688369414,0.429408784366,52.2688369414,42.9408784366,1,1,3,3,8,7,0,0
143,4.38854183572e-14,1.76268783818e-14,5.81585287368e-14,8.87615254721e-15,4.11982473676,7.65801304132,0.484927252899,0.425956609909,48.4927252899,42.5956609909,1,1,3,3,8,7,0,0
144,3.10316769156e-14,8.46880812338e-15,5.9791366093e-14,5.07140037068e-15,3.75417900935,7.52142040139,0.448417544626,0.421628194919,44.8417544626,42.1628194919,1,1,3,3,8,7,0,0
145,1.96261557335e-14,1.96957178376e-14,6.51849901419e-14,6.42842343123e-13,3.41050261648,7.37557038334,0.417812370455,0.416326972519,41.7812370455,41.6326972519,1,1,3,3,8,7,0,0
146,6.08885468947e-14,1.03983414284e-14,7.15244812269e-14,7.30759830935e-13,3.08811105482,7.22106555784,0.412607874864,0.40996957026,41.2607874864,40.996957026,1,1,3,3,8,7,0,0
147,1.55158384578e-14,4.61095468809e-15,8.61792744692e-14,1.18782471319e-14,2.7862754128,7.05864048507,0.406216336787,0.402486562532,40.6216336787,40.2486562532,1,1,3,3,8,7,0,0
148,1.38777878078e-14,1.21405290983e-14,1.04083408559e-14,1.2754743337e-14,2.50421340438,6.88916708024,0.3985697586,0.393823092178,39.85697586,39.3823092178,1,1,3,3,8,7,0,0
149,5.76387816845e-14,5.5510824597e-15,5.89805981832e-14,2.13708063225e-14,2.24108321812,6.71365710932,0.389615291441,0.383939376728,38.9615291441,38.3939376728,1,1,3,3,8,7,0,0
150,5.72195849815e-14,7.12444995669e-15,3.12250225676e-14,8.18864705943e-15,2.50288074664,6.53326145728,0.379316039522,0.372811096202,37.9316039522,37.2811096202,1,1,3,3,8,7,0,0
151,6.93889390391e-14,1.50287062449e-14,1.04083408559e-14,8.54780374391e-15,2.87053249813,6.34926581378,0.367651751494,0.36042966469,36.7651751494,36.042966469,1,1,3,3,8,7,0,0
152,3.73670872518e-14,1.83123660495e-14,3.81639164715e-14,1.34397314434e-14,3.2251518955,6.16308242883,0.354619397372,0.361350540754,35.4619397372,36.1350540754,1,1,3,3,8,7,0,0
153,1.38777878078e-14,9.92089448736e-15,6.21602521788e-14,1.13381340108e-14,3.56538553067,6.30860354273,0.340233635169,0.362660626195,34.0233635169,36.2660626195,1,1,3,3,8,7,0,0
154,6.35960131078e-14,1.31238809684e-14,7.79661233291e-14,6.27694611254e-15,3.88991270883,6.4842780914,0.324527178158,0.360813003606,32.4527178158,36.0813003606,1,1,3,3,7,7,0,0
155,3.46944695195e-14,8.66647684633e-13,6.29300679179e-14,6.01754156765e-14,4.19746378227,6.65744590925,0.307551073435,0.355661812595,30.7551073435,35.5661812595,1,1,3,3,7,7,0,0
156,1.38777878078e-14,2.26283230158e-13,2.22152998685e-14,2.67089107294e-14,4.48683868418,6.82645021022,0.289374901918,0.347112515793,28.9374901918,34.7112515793,1,1,3,3,7,7,0,0
157,6.08885468947e-14,8.12027464164e-15,5.81585287368e-14,9.17285080701e-15,4.7569256093,6.9896181389,0.270086925116,0.335130790324,27.0086925116,33.5130790324,1,1,3,3,7,7,0,0
158,0,3.86565649539e-15,5.56194657757e-14,1.23181099363e-14,5.00671979733,7.14529412532,0.249794188027,0.319750785484,24.9794188027,31.9750785484,1,1,1,3,7,7,0,0
159,1.12101261755e-13,1.44157044713e-14,5.81585287368e-14,5.22861479623e-15,5.23534239823,7.29187668863,0.228622600904,0.301082284693,22.8622600904,30.1082284693,1,1,3,3,7,7,0,0
160,5.76387816845e-14,3.27566353744e-15,3.12250225676e-14,9.12938209523e-15,5.44205940478,7.42785790247,0.206717006544,0.2793162512,20.6717006544,27.93162512,1,1,3,3,7,7,0,0
161,7.37614539776e-14,1.42985017994e-14,3.46944695195e-15,1.00454104864e-14,5.62630066341,7.5518644785,0.18424125863,0.254728223843,18.424125863,25.4728223843,1,1,3,3,7,7,0,0
162,0,1.97292815996e-15,1.16161726368e-13,1.189639405e-14,5.78767895966,7.7989639252,0.161378296252,0.247099446699,16.1378296252,24.7099446699,1,1,1,3,7,7,0,0
163,6.35960131078e-14,4.35671920264e-15,2.42861286637e-14,1.02868077611e-14,5.92600918753,7.95359331203,0.138330227868,0.15462938683,13.8330227868,15.462938683,1,1,3,3,7,7,0,0
164,5.55111512313e-14,1.52153762994e-15,6.87791060272e-14,4.73810855232e-15,6.04132759046,7.98753447464,0.115318402933,0.264419960915,11.5318402933,26.4419960915,1,1,3,3,7,7,0,0
165,1.38777878078e-14,2.7276939624e-15,6.20633538312e-14,5.48129308317e-15,6.13391104979,7.90511074791,0.108175644967,0.462591424252,10.8175644967,46.2591424252,1,1,3,3,6,7,0,0
166,1.12743681122e-13,1.61561658907e-15,5.76387816845e-14,1.72505185693e-14,6.20429638957,7.71380346791,0.107235117342,0.67962244661,10.7235117342,67.962244661,1,1,3,3,6,7,0,0
167,6.08885468947e-14,6.42977289908e-14,3.27306970834e-14,6.74502545518e-14,6.2532996739,7.42369544542,0.106931832179,0.876502902121,10.6931832179,87.6502902121,1,1,3,3,6,7,0,0
168,5.88784672006e-14,5.90669163806e-15,3.27306970834e-14,1.16159341132e-13,6.28203554104,7.25341779548,0.10717764865,1.04922029807,10.717764865,104.922029807,1,1,3,3,6,7,0,0
169,5.88784672006e-14,9.42050449995e-16,6.73644745505e-14,2.91985757173e-14,6.29193674647,7.99067400819,0.107893611533,1.19453572246,10.7893611533,119.453572246,1,1,3,3,6,8,0,0
170,6.20633538312e-14,1.00721687254e-15,5.59431511414e-14,1.51521592707e-14,6.28477432748,8.73503487236,0.109013823784,1.30841205369,10.9013823784,130.841205369,1,1,3,3,6,8,0,0
171,1.38777878078e-14,1.22282309523e-15,1.11238931551e-13,1.88552486313e-14,6.26222395853,9.46517344155,0.110500616,1.39505652927,11.0500616,139.505652927,1,1,3,3,6,8,0,0
172,6.93889390391e-15,1.23260187651e-14,2.79715755707e-14,2.78494617127e-14,6.22437635605,10.1683481385,0.112366833303,1.45734007101,11.2366833303,145.734007101,1,1,3,3,6,8,0,0
173,6.20633538312e-14,2.275497001e-15,6.44421169934e-14,1.81729848566e-14,6.17086102581,10.8325579716,0.114589241603,1.49630493871,11.4589241603,149.630493871,1,1,3,3,6,8,0,0
174,7.37614539776e-14,4.32624508301e-15,5.38603005815e-14,2.25663557581e-14,6.10127224626,11.4464889253,0.117125778045,1.51280275931,11.7125778045,151.280275931,1,1,3,3,6,8,0,0
175,5.92859355033e-14,1.27656349972e-14,5.29588092909e-14,2.15848632797e-14,6.01517937799,11.9996896768,0.119925366794,1.50792631361,11.9925366794,150.792631361,1,1,3,3,6,8,0,0
176,1.12957008997e-13,3.84478987891e-15,2.42861286637e-14,2.49436678356e-14,5.91213506744,12.4827012352,0.12292880247,1.4829134833,12.292880247,148.29134833,1,1,3,3,6,8,0,0
177,1.01031820261e-13,7.77897112995e-14,3.46944695195e-14,8.64288531843e-15,5.79167024043,13.0149013483,0.126074902388,1.43909492118,12.6074902388,143.909492118,1,1,3,3,6,8,0,0
178,5.92859355033e-14,4.38532230961e-14,6.69162694769e-14,3.31397769439e-13,5.65325831668,14.3927848376,0.138411923756,1.37788348927,13.8411923756,137.788348927,1,1,3,3,6,8,0,0
179,5.72195849815e-14,8.33733371311e-15,2.79715755707e-14,2.87402813717e-13,5.49622526759,15.693585672,0.157033049087,1.30080083436,15.7033049087,130.080083436,1,1,3,3,6,8,0,0
180,6.54613941668e-14,2.1839858825e-15,5.05159101305e-14,1.27685550583e-14,5.31958296195,16.9031147298,0.176642305643,1.2095290578,17.6642305643,120.95290578,1,1,3,3,7,8,0,0
181,6.93889390391e-15,4.26707477193e-15,6.93889390391e-15,4.07705162353e-14,5.12731538213,18.0036941819,0.192267579821,1.10057945218,19.2267579821,110.057945218,1,1,3,3,7,8,0,0
182,1.38777878078e-14,3.70166463178e-15,7.47341745035e-14,5.5150317625e-15,4.92895408189,18.9743438243,0.198361300235,1.04987901275,19.8361300235,104.987901275,1,1,3,3,7,8,0,0
183,5.59431511414e-14,7.90181497359e-15,2.77555756156e-14,9.32957961177e-15,4.73416574548,19.7964612231,0.194788336411,1.01419027099,19.4788336411,101.419027099,1,1,3,3,7,8,0,0
184,1.17142011481e-13,7.56614747485e-15,6.08885468947e-14,2.78909761049e-15,4.5527426607,20.4537042423,0.181423084777,0.964890166947,18.1423084777,96.4890166947,1,1,3,3,7,8,0,0
185,5.88784672006e-14,2.79942443714e-15,1.04083408559e-14,4.52188353143e-15,4.39471683101,20.9353458784,0.173367403226,0.898185688707,17.3367403226,89.8185688707,1,1,3,3,6,8,0,0
186,2.77555756156e-14,1.45762688689e-15,2.50185377655e-14,3.63625537294e-15,4.26986979119,21.2538880042,0.176868205465,0.808946190323,17.6868205465,80.8946190323,1,1,3,3,7,8,0,0
187,6.21602521788e-14,5.81472778093e-15,1.55158384578e-14,4.62093072551e-15,4.18524689703,21.4285969793,0.172831714634,0.701492115607,17.2831714634,70.1492115607,1,1,3,3,7,8,0,0
188,5.9791366093e-14,3.25260050103e-15,1.38777878078e-14,8.63750628395e-15,4.14095116313,21.4841506155,0.162816370439,0.585795415022,16.2816370439,58.5795415022,1,1,3,3,7,8,0,0
189,1.96261557335e-14,1.58282814669e-13,6.79869977755e-14,1.41871602172e-14,4.12812778414,21.4509656525,0.147769795764,0.504752102482,14.7769795764,50.4752102482,1,1,3,3,6,8,0,0
190,0,1.02313899284e-14,1.38777878078e-14,1.09112811881e-15,4.12805634693,21.3651712081,0.128340593659,0.453796628208,12.8340593659,45.3796628208,1,1,1,3,6,8,0,0
191,1.17142011481e-13,1.82399112015e-14,7.11025042036e-14,7.83251307888e-15,4.12799689426,21.2547987064,0.106496485462,0.386486895774,10.6496485462,38.6486895774,1,1,3,3,6,7,0,0
192,5.64785044985e-14,5.57657389712e-16,8.80446933447e-14,2.1478667189e-14,4.12794952894,21.1338200307,0.084641168015,0.313933082271,8.4641168015,31.3933082271,1,1,3,3,6,7,0,0
193,2.50185377655e-14,4.5825397225e-15,6.93889390391e-15,4.08390330882e-15,4.12791374924,21.012945853,0.0638182749475,0.241293231824,6.38182749475,24.1293231824,1,1,3,3,6,7,0,0
194,6.54613941668e-14,5.5977249901e-15,6.54613941668e-14,4.23617500649e-15,4.12788856343,20.8998202897,0.0448608771922,0.172852123672,4.48608771922,17.2852123672,1,1,3,3,6,6,0,0
195,6.20633538312e-14,3.62174613918e-15,5.76387816845e-14,1.18738951545e-15,4.12787260421,20.7993868733,0.0284001328187,0.111957592986,2.84001328187,11.1957592986,1,1,3,3,6,6,0,0
196,2.86097924908e-14,4.2120507901e-15,3.10316769156e-14,8.55041671671e-15,4.12786424319,20.7143471988,0.0148706565912,0.0850396744163,1.48706565912,8.50396744163,1,1,3,3,5,6,0,0
197,1.38777878078e-14,4.00969656573e-15,1.38777878078e-14,4.71708495654e-16,4.12786170523,20.6456405237,0.00451280989034,0.0687066751926,0.451280989034,6.87066751926,1,1,3,3,5,6,0,0
198,6.20633538312e-14,1.01389877307e-14,2.77555756156e-14,3.98911552902e-15,4.12786318296,20.5928882626,0.0026275216031,0.0590707037545,0.26275216031,5.90707037545,1,1,3,3,5,6,0,0
199,9.26413801423e-14,1.81701467555e-14,8.12176708576e-14,1.45223925683e-14,4.12786695109,20.5547686976,0.00670087357615,0.0606665972693,0.670087357615,6.06665972693,1,1,3,3,5,6,0,0
200,5.88784672006e-14,1.88674790229e-14,3.73670872518e-14,9.4650537024e-15,4.12787148097,20.5293107321,0.00805698630002,0.0539489369401,0.805698630002,5.39489369401,1,1,3,3,5,6,0,0
201,5.56194657757e-14,5.51107215922e-14,5.55111512313e-14,8.6077646046e-15,4.12787555497,20.5141173408,0.00724754447541,0.0413593487576,0.724754447541,4.13593487576,1,1,3,3,5,6,0,0
202,2.22152998685e-14,1.51458929539e-15,6.35960131078e-14,1.7549620103e-14,4.12787838098,20.506545797,0.00502819024807,0.0259432644568,0.502819024807,2.59432644568,1,1,3,3,5,6,0,0
203,1.55158384578e-14,7.59698746707e-15,7.24441791896e-14,1.74674488687e-13,4.1278797069,20.5038792285,0.00235937691647,0.0113578050878,0.235937691647,1.13578050878,1,1,3,3,5,5,0,0
204,6.20633538312e-14,6.44572132858e-16,7.50556132966e-14,1.84066699349e-14,4.12787993512,20.5035189629,0.000406104043007,0.00186483815321,0.0406104043007,0.186483815321,1,1,3,3,5,5,0,0
205,6.20633538312e-14,6.44572132858e-16,6.93889390391e-15,1.60182850168e-15,4.12787993512,20.5004207545,0,0.00309820839264,0,0.309820839264,1,1,3,3,2,5,0,0
206,6.20633538312e-14,6.44572132858e-16,3.46944695195e-14,1.84479613191e-14,4.12787993512,20.4796661531,0,0.0207546013848,0,2.07546013848,1,1,3,3,2,5,0,0
207,6.20633538312e-14,6.44572132858e-16,1.55158384578e-14,1.5624456859e-15,4.12787993512,20.4260819717,0,0.0535841814361,0,5.35841814361,1,1,3,3,2,6,0,0
208,6.20633538312e-14,6.44572132858e-16,5.92859355033e-14,2.95723450371e-15,4.12787993512,20.3270270869,0,0.0990548847311,0,9.90548847311,1,1,3,3,2,6,0,0
209,6.20633538312e-14,6.44572132858e-16,6.20633538312e-14,4.468491836e-15,4.12787993512,20.1721887335,0,0.154838353385,0,15.4838353385,1,1,3,3,2,6,0,0
210,6.20633538312e-14,6.44572132858e-16,2.77555756156e-14,5.83483708763e-15,4.12787993512,19.9533802479,0,0.218808485632,0,21.8808485632,1,1,3,3,2,6,0,0
211,6.20633538312e-14,6.44572132858e-16,5.55111512313e-14,6.19826560321e-15,4.12787993512,19.6643487415,0,0.289031506418,0,28.9031506418,1,1,3,3,2,6,0,0
212,6.20633538312e-14,6.44572132858e-16,2.08166817117e-14,2.49929547394e-14,4.12787993512,19.3005977813,0,0.363750960153,0,36.3750960153,1,1,3,3,2,7,0,0
213,6.20633538312e-14,6.44572132858e-16,3.73670872518e-14,1.11044003265e-14,4.12787993512,18.8592277472,0,0.441370034133,0,44.1370034133,1,1,3,3,2,7,0,0
214,6.20633538312e-14,6.44572132858e-16,3.73670872518e-14,3.21159641451e-15,4.12787993512,18.3387948555,0,0.520432891686,0,52.0432891686,1,1,3,3,2,7,0,0
215,6.20633538312e-14,6.44572132858e-16,7.50556132966e-14,9.55814321732e-15,4.12787993512,17.7391887395,0,0.599606116033,0,59.9606116033,1,1,3,3,2,7,0,0
216,6.20633538312e-14,6.44572132858e-16,1.96261557335e-14,1.21686282113e-14,4.12787993512,17.0615278126,0,0.677660926892,0,67.7660926892,1,1,3,3,2,7,0,0
217,6.20633538312e-14,6.44572132858e-16,5.59431511414e-14,1.96034711525e-14,4.12787993512,16.3080711749,0,0.753456637684,0,75.3456637684,1,1,3,3,2,7,0,0
218,6.20633538312e-14,6.44572132858e-16,1.38777878078e-14,2.26670895064e-14,4.12787993512,15.4821456457,0,0.825925529163,0,82.5925529163,1,1,3,3,2,7,0,0
219,6.20633538312e-14,6.44572132858e-16,4.44305997371e-14,2.51216359762e-14,4.12787993512,14.5880862297,0,0.894059416031,0,89.4059416031,1,1,3,3,2,7,0,0
220,6.20633538312e-14,6.44572132858e-16,5.92859355033e-14,6.77798844556e-15,4.12787993512,13.6311882245,0,0.956898005183,0,95.6898005183,1,1,3,3,2,7,0,0
221,6.20633538312e-14,6.44572132858e-16,5.59431511414e-14,9.0115108986e-15,4.12787993512,12.6176688656,0,1.01351935889,0,101.351935889,1,1,3,3,2,8,0,0
222,6.20633538312e-14,6.44572132858e-16,6.93889390391e-15,2.29293352009e-14,4.12787993512,11.5546360936,0,1.06303277207,0,106.303277207,1,1,3,3,2,8,0,0
223,6.20633538312e-14,6.44572132858e-16,5.05159101305e-14,2.10058957221e-14,4.12787993512,10.4500615057,0,1.10457458783,0,110.457458783,1,1,3,3,2,8,0,0
224,6.20633538312e-14,6.44572132858e-16,5.92859355033e-14,2.11641103463e-14,4.12787993512,9.31275379275,0,1.137307713,0,113.7307713,1,1,3,3,2,8,0,0
225,6.20633538312e-14,6.44572132858e-16,1.38777878078e-14,1.23945572194e-14,4.12787993512,8.15232807825,0,1.16042571449,0,116.042571449,1,1,3,3,2,8,0,0
226,6.20633538312e-14,6.44572132858e-16,5.72195849815e-14,1.45535329423e-14,4.12787993512,6.97916529781,0,1.17316278045,0,117.316278045,1,1,3,3,2,8,0,0
227,6.20633538312e-14,6.44572132858e-16,4.38854183572e-14,1.08216914062e-14,4.12787993512,5.80435439951,0,1.17481089829,0,117.481089829,1,1,3,3,2,8,0,0
228,6.20633538312e-14,6.44572132858e-16,2.08166817117e-14,2.04664575729e-14,4.12787993512,4.63960856243,0,1.16474583708,0,116.474583708,1,1,3,3,2,8,0,0
229,6.20633538312e-14,6.44572132858e-16,0,2.66521921114e-14,4.12787993512,4.28406615839,0,1.14246340075,0,114.246340075,1,1,3,1,2,8,0,0
230,6.20633538312e-14,6.44572132858e-16,5.72195849815e-14,1.72291288014e-14,4.12787993512,4.25263404405,0,1.10762698744,0,110.762698744,1,1,3,3,2,8,0,0
231,6.20633538312e-14,6.44572132858e-16,3.10316769156e-14,1.76064297672e-14,4.12787993512,4.22338490516,0,1.06012665015,0,106.012665015,1,1,3,3,2,8,0,0
232,6.20633538312e-14,6.44572132858e-16,5.88784672006e-14,1.32731294308e-14,4.12787993512,4.19652964785,0,1.00014824704,0,100.014824704,1,1,3,3,2,8,0,0
233,6.20633538312e-14,6.44572132858e-16,6.54613941668e-14,2.7038090405e-14,4.12787993512,4.17223935403,0,0.928249070747,0,92.8249070747,1,1,3,3,2,8,0,0
234,6.20633538312e-14,6.44572132858e-16,1.14649343088e-13,1.2949663465e-14,4.12787993512,4.15064182969,0,0.845433580321,0,84.5433580321,1,1,3,3,2,8,0,0
235,6.20633538312e-14,6.44572132858e-16,2.86097924908e-14,1.5872150612e-14,4.12787993512,4.13181802363,0,0.753220004247,0,75.3220004247,1,1,3,3,2,7,0,0
236,6.20633538312e-14,6.44572132858e-16,6.93889390391e-14,2.52668542757e-14,4.12787993512,4.11579822469,0,0.653686610087,0,65.3686610087,1,1,3,3,2,7,0,0
237,6.20633538312e-14,6.44572132858e-16,7.7579192289e-14,1.68434916746e-14,4.12787993512,4.10255795643,0,0.549486272943,0,54.9486272943,1,1,3,3,2,7,0,0
238,6.20633538312e-14,6.44572132858e-16,6.24500451352e-14,9.2951069577e-15,4.12787993512,4.09201350138,0,0.443820900512,0,44.3820900512,1,1,3,3,2,7,0,0
239,6.20633538312e-14,6.44572132858e-16,2.08166817117e-14,1.95701433933e-15,4.12787993512,4.18502642849,0,0.340373266673,0,34.0373266673,1,1,3,3,2,7,0,0
240,6.20633538312e-14,6.44572132858e-16,0,3.6583724743e-15,4.12787993512,4.4282291103,0,0.243202681812,0,24.3202681812,1,1,3,1,2,6,0,0
241,6.20633538312e-14,6.44572132858e-16,4.44305997371e-14,2.9264170894e-15,4.12787993512,4.58484915481,0,0.156620044517,0,15.6620044517,1,1,3,3,2,6,0,0
242,6.20633538312e-14,6.44572132858e-16,6.93889390391e-15,1.23917696985e-15,4.12787993512,4.66991437149,0,0.0850652166806,0,8.50652166806,1,1,3,3,2,6,0,0
243,6.20633538312e-14,6.44572132858e-16,5.88784672006e-14,8.62622721291e-15,4.12787993512,4.70292717495,0,0.0330128034509,0,3.30128034509,1,1,3,3,2,6,0,0
244,6.20633538312e-14,6.44572132858e-16,1.14439169963e-13,2.29747857506e-15,4.12787993512,4.70785837573,0,0.0049312007829,0,0.49312007829,1,1,3,3,2,5,0,0
245,6.20633538312e-14,6.44572132858e-16,1.14439169963e-13,2.29747857506e-15,4.12787993512,4.70785837573,0,0,0,0,1,1,3,3,2,2,0,0
246,6.20633538312e-14,6.44572132858e-16,1.14439169963e-13,2.29747857506e-15,4.12787993512,4.70785837573,0,0,0,0,1,1,3,3,2,2,0,0
247,6.20633538312e-14,6.44572132858e-16,1.14439169963e-13,2.29747857506e-15,4.12787993512,4.70785837573,0,0,0,0,1,1,3,3,2,2,0,0
248,6.20633538312e-14,6.44572132858e-16,1.14439169963e-13,2.29747857506e-15,4.12787993512,4.70785837573,0,0,0,0,1,1,3,3,2,2,0,0
249,6.20633538312e-14,6.44572132858e-16,1.14439169963e-13,2.29747857506e-15,4.12787993512,4.70785837573,0,0,0,0,1,1,3,3,2,2,0,0
250,6.20633538312e-14,6.44572132858e-16,1.14439169963e-13,2.29747857506e-15,4.12787993512,4.70785837573,0,0,0,0,1,1,3,3,2,2,0,0
251,6.20633538312e-14,6.44572132858e-16,1.14439169963e-13,2.29747857506e-15,4.12787993512,4.70785837573,0,0,0,0,1,1,3,3,2,2,0,0
252,6.20633538312e-14,6.44572132858e-16,1.14439169963e-13,2.29747857506e-15,4.12787993512,4.70785837573,0,0,0,0,1,1,3,3,2,2,0,0
253,6.20633538312e-14,6.44572132858e-16,1.14439169963e-13,2.29747857506e-15,4.12787993512,4.70785837573,0,0,0,0,1,1,3,3,2,2,0,0
254,6.20633538312e-14,6.44572132858e-16,1.14439169963e-13,2.29747857506e-15,4.12787993512,4.70785837573,0,0,0,0,1,1,3,3,2,2,0,0
255,6.20633538312e-14,6.44572132858e-16,1.14439169963e-13,2.29747857506e-15,4.12787993512,4.70785837573,0,0,0,0,1,1,3,3,2,2,0,0
256,6.20633538312e-14,6.44572132858e-16,1.14439169963e-13,2.29747857506e-15,4.12787993512,4.70785837573,0,0,0,0,1,1,3,3,2,2,0,0
257,6.20633538312e-14,6.44572132858e-16,1.14439169963e-13,2.29747857506e-15,4.12787993512,4.70785837573,0,0,0,0,1,1,3,3,2,2,0,0
258,6.20633538312e-14,6.44572132858e-16,1.14439169963e-13,2.29747857506e-15,4.12787993512,4.70785837573,0,0,0,0,1,1,3,3,2,2,0,0
259,6.20633538312e-14,6.44572132858e-16,1.14439169963e-13,2.29747857506e-15,4.12787993512,4.70785837573,0,0,0,0,1,1,3,3,2,2,0,0
260,6.20633538312e-14,6.44572132858e-16,1.14439169963e-13,2.29747857506e-15,4.12787993512,4.70785837573,0,0,0,0,1,1,3,3,2,2,0,0
261,6.20633538312e-14,6.44572132858e-16,1.14439169963e-13,2.29747857506e-15,4.12787993512,4.70785837573,0,0,0,0,1,1,3,3,2,2,0,0
262,6.20633538312e-14,6.44572132858e-16,1.14439169963e-13,2.29747857506e-15,4.12787993512,4.70785837573,0,0,0,0,1,1,3,3,2,2,0,0
263,6.20633538312e-14,6.44572132858e-16,1.14439169963e-13,2.29747857506e-15,4.12787993512,4.70785837573,0,0,0,0,1,1,3,3,2,2,0,0
264,6.20633538312e-14,6.44572132858e-16,1.14439169963e-13,2.29747857506e-15,4.12787993512,4.70785837573,0,0,0,0,1,1,3,3,2,2,0,0
265,6.20633538312e-14,6.44572132858e-16,1.14439169963e-13,2.29747857506e-15,4.12787993512,4.70785837573,0,0,0,0,1,1,3,3,2,2,0,0
266,6.20633538312e-14,6.44572132858e-16,1.14439169963e-13,2.29747857506e-15,4.12787993512,4.70785837573,0,0,0,0,1,1,3,3,2,2,0,0
267,6.20633538312e-14,6.44572132858e-16,1.14439169963e-13,2.29747857506e-15,4.12787993512,4.70785837573,0,0,0,0,1,1,3,3,2,2,0,0
268,6.20633538312e-14,6.44572132858e-16,1.14439169963e-13,2.29747857506e-15,4.12787993512,4.70785837573,0,0,0,0,1,1,3,3,2,2,0,0
269,6.20633538312e-14,6.44572132858e-16,1.14439169963e-13,2.29747857506e-15,4.12787993512,4.70785837573,0,0,0,0,1,1,3,3,2,2,0,0
270,6.20633538312e-14,6.44572132858e-16,1.14439169963e-13,2.29747857506e-15,4.12787993512,4.70785837573,0,0,0,0,1,1,3,3,2,2,0,0
271,6.20633538312e-14,6.44572132858e-16,1.14439169963e-13,2.29747857506e-15,4.12787993512,4.70785837573,0,0,0,0,1,1,3,3,2,2,0,0
272,6.20633538312e-14,6.44572132858e-16,1.14439169963e-13,2.29747857506e-15,4.12787993512,4.70785837573,0,0,0,0,1,1,3,3,2,2,0,0
273,6.20633538312e-14,6.44572132858e-16,1.14439169963e-13,2.29747857506e-15,4.12787993512,4.70785837573,0,0,0,0,1,1,3,3,2,2,0,0
274,6.20633538312e-14,6.44572132858e-16,1.14439169963e-13,2.29747857506e-15,4.12787993512,4.70785837573,0,0,0,0,1,1,3,3,2,2,0,0
275,6.20633538312e-14,6.44572132858e-16,1.14439169963e-13,2.29747857506e-15,4.12787993512,4.70785837573,0,0,0,0,1,1,3,3,2,2,0,0
276,6.20633538312e-14,6.44572132858e-16,1.14439169963e-13,2.29747857506e-15,4.12787993512,4.70785837573,0,0,0,0,1,1,3,3,2,2,0,0
277,6.20633538312e-14,6.44572132858e-16,1.14439169963e-13,2.29747857506e-15,4.12787993512,4.70785837573,0,0,0,0,1,1,3,3,2,2,0,0
278,6.20633538312e-14,6.44572132858e-16,1.14439169963e-13,2.29747857506e-15,4.12787993512,4.70785837573,0,0,0,0,1,1,3,3,2,2,0,0
279,6.20633538312e-14,6.44572132858e-16,1.14439169963e-13,2.29747857506e-15,4.12787993512,4.70785837573,0,0,0,0,1,1,3,3,2,2,0,0
