frame,time,RL0,RL1,RL2,RL3,RL4,RL5,LL0,LL1,LL2,LL3,LL4,LL5
0,0.000000000,+0.000000000000,+0.100000000000,-0.816000000000,+0.138000000000,-0.714000000000,-0.100000000000,+0.000000000000,-0.100000000000,+0.816000000000,-0.138000000000,+0.714000000000,+0.100000000000
1,0.010000000,-0.000001337053,+0.100098832112,-0.815967063178,+0.137932723838,-0.713965527848,-0.100098841071,-0.000001396799,-0.099901156294,+0.816034454956,-0.138065428751,+0.714031113909,+0.099901146524
2,0.020000000,-0.000002821775,+0.100208577355,-0.815930369608,+0.137858020628,-0.713927370572,-0.100208596262,-0.000002947867,-0.099791393585,+0.816072596289,-0.138138087054,+0.714065786308,+0.099791372965
3,0.030000000,-0.000004463826,+0.100329949015,-0.815889663018,+0.137775381651,-0.713885274718,-0.100329978925,-0.000004663295,-0.099669996975,+0.816114654688,-0.138218425091,+0.714104237649,+0.099669964357
4,0.040000000,-0.000006273799,+0.100463729048,-0.815844660840,+0.137684246388,-0.713838961219,-0.100463771086,-0.000006554147,-0.099536182592,+0.816160881495,-0.138306933693,+0.714146708464,+0.099536136748
5,0.050000000,-0.000008263283,+0.100610773132,-0.815795051927,+0.137583998126,-0.713788123284,-0.100610828501,-0.000008632532,-0.099389092461,+0.816211549903,-0.138404146797,+0.714193460637,+0.099389032080
6,0.060000000,-0.000010444938,+0.100772015740,-0.815740494176,+0.137473959375,-0.713732424182,-0.100772085727,-0.000010911676,-0.099227789380,+0.816266956059,-0.138510643732,+0.714244778585,+0.099227713057
7,0.070000000,-0.000012832564,+0.100948475256,-0.815680612030,+0.137353387029,-0.713671494887,-0.100948561241,-0.000013405995,-0.099051251717,+0.816327420099,-0.138627051335,+0.714300970342,+0.099051157947
8,0.080000000,-0.000015441170,+0.101141259255,-0.815614993809,+0.137221467176,-0.713604931552,-0.101141362719,-0.000016131167,-0.098858368043,+0.816393287131,-0.138754045941,+0.714362368583,+0.098858255211
9,0.090000000,-0.000018287050,+0.101351570005,-0.815543188823,+0.137077309471,-0.713532292757,-0.101351692538,-0.000019104216,-0.098647931537,+0.816464928140,-0.138892355250,+0.714429331571,+0.098647797910
10,0.100000000,-0.000021387864,+0.101580710215,-0.815464704233,+0.136919941015,-0.713453096508,-0.101580853525,-0.000022343593,-0.098418634080,+0.816542740867,-0.139042760094,+0.714502244067,+0.098418477795
11,0.110000000,-0.000024762721,+0.101830089153,-0.815379001608,+0.136748299607,-0.713366816933,-0.101830255076,-0.000025869257,-0.098169060033,+0.816627150589,-0.139206096042,+0.714581518146,+0.098168879087
12,0.120000000,-0.000028432265,+0.102101229102,-0.815285493124,+0.136561226331,-0.713272880639,-0.102101419613,-0.000029702777,-0.097897679590,+0.816718610846,-0.139383254884,+0.714667593963,+0.097897471830
13,0.130000000,-0.000032418774,+0.102395772251,-0.815183537384,+0.136357457348,-0.713170662685,-0.102395989474,-0.000033867424,-0.097602841703,+0.816817604071,-0.139575185917,+0.714760940416,+0.097602604814
14,0.140000000,-0.000036746254,+0.102715488016,-0.815072434770,+0.136135614812,-0.713059482113,-0.102715734236,-0.000038388281,-0.097282766538,+0.816924642090,-0.139782897006,+0.714862055699,+0.097282498026
15,0.150000000,-0.000041440556,+0.103062280849,-0.814951422304,+0.135894196783,-0.712938596993,-0.103062558522,-0.000043292350,-0.096935537398,+0.817040266484,-0.140007455352,+0.714971467719,+0.096935234584
16,0.160000000,-0.000046529481,+0.103438198600,-0.814819667911,+0.135631565991,-0.712807198894,-0.103438510372,-0.000048608677,-0.096559092066,+0.817165048785,-0.140249987944,+0.715089734353,+0.096558752067
17,0.170000000,-0.000052042910,+0.103845441383,-0.814676264057,+0.135345937361,-0.712664406750,-0.103845790098,-0.000054368477,-0.096151213593,+0.817299590420,-0.140511681537,+0.715217443477,+0.096150833306
18,0.180000000,-0.000058012935,+0.104286371082,-0.814520220637,+0.135035364056,-0.712509259993,-0.104286759799,-0.000060605276,-0.095709520382,+0.817444522415,-0.140793782149,+0.715355212766,+0.095709096471
19,0.190000000,-0.000064473992,+0.104763521432,-0.814350457053,+0.134697721948,-0.712340710909,-0.104763953441,-0.000067355050,-0.095231455651,+0.817600504748,-0.141097593886,+0.715503689158,+0.095230984528
20,0.200000000,-0.000071463021,+0.105279608794,-0.814165793351,+0.134330692215,-0.712157616070,-0.105280087633,-0.000074656388,-0.094714276113,+0.817768225322,-0.141424477030,+0.715663547968,+0.094713753920
21,0.210000000,-0.000079019617,+0.105837543563,-0.813964940329,+0.133931741922,-0.711958726771,-0.105838073036,-0.000082550655,-0.094155039954,+0.817948398446,-0.141775845169,+0.715835491534,+0.094154462543
22,0.220000000,-0.000087186204,+0.106440442301,-0.813746488448,+0.133498102262,-0.711742678314,-0.106441026494,-0.000091082171,-0.093550593988,+0.818141762758,-0.142153161243,+0.716020247331,+0.093549956903
23,0.230000000,-0.000096008213,+0.107091640513,-0.813508895453,+0.133026744219,-0.711507978012,-0.107092283819,-0.000100298397,-0.092897560052,+0.818349078440,-0.142557932227,+0.716218565429,+0.092896858503
24,0.240000000,-0.000105534271,+0.107794706187,-0.813250472478,+0.132514351275,-0.711252991736,-0.107795413322,-0.000110250133,-0.092192320532,+0.818571123649,-0.142991702275,+0.716431215190,+0.092191549374
25,0.250000000,-0.000115816407,+0.108553453979,-0.812969368490,+0.131957288829,-0.710975928835,-0.108554230010,-0.000120991733,-0.091431003080,+0.818808689975,-0.143456043976,+0.716658981056,+0.091430156789
26,0.260000000,-0.000126910258,+0.109371960218,-0.812663552807,+0.131351569807,-0.710674825164,-0.109372810584,-0.000132581322,-0.090609464371,+0.819062576808,-0.143952547506,+0.716902657305,+0.090608537015
27,0.270000000,-0.000138875304,+0.110254578780,-0.812330795396,+0.130692815889,-0.710347523948,-0.110255509317,-0.000145081034,-0.089723272792,+0.819333584469,-0.144482807352,+0.717163041619,+0.089722258005
28,0.280000000,-0.000151775106,+0.111205958170,-0.811968644536,+0.129976213544,-0.709991654064,-0.111206975142,-0.000158557273,-0.088767689712,+0.819622505971,-0.145048406399,+0.717440927381,+0.088766580664
29,0.290000000,-0.000165677578,+0.112231060261,-0.811574401341,+0.129196463820,-0.709604605232,-0.112232170388,-0.000173080988,-0.087737648860,+0.819930117308,-0.145650897154,+0.717737094566,+0.087736438224
30,0.300000000,-0.000180655296,+0.113335181331,-0.811145090445,+0.128347724566,-0.709183499442,-0.113336391816,-0.000188727996,-0.086627733110,+0.820257166179,-0.146291779939,+0.718052299170,+0.086626413029
31,0.310000000,-0.000196785836,+0.114523976130,-0.810677426075,+0.127423543515,-0.708725157839,-0.114525294698,-0.000205579343,-0.085432147908,+0.820604359003,-0.146972477778,+0.718387261025,+0.085430709958
32,0.320000000,-0.000214152184,+0.115803485303,-0.810167772759,+0.126416780714,-0.708226062324,-0.115804920235,-0.000223721720,-0.084144690958,+0.820972345890,-0.147694307339,+0.718742649712,+0.084143126109
33,0.330000000,-0.000232843165,+0.117180165610,-0.809612100132,+0.125319519263,-0.707682311325,-0.117181725781,-0.000243247923,-0.082758718665,+0.821361702930,-0.148458444673,+0.719119067936,+0.082757017238
34,0.340000000,-0.000252953897,+0.118660920216,-0.809005932116,+0.124122964855,-0.707089569982,-0.118662615140,-0.000264257321,-0.081267112015,+0.821772910488,-0.149265883180,+0.719517031109,+0.081265263635
35,0.350000000,-0.000274586163,+0.120253123163,-0.808344292047,+0.122817337162,-0.706443016227,-0.120254963034,-0.000286856244,-0.079662247769,+0.822206325385,-0.150117379663,+0.719936941104,+0.079660241318
36,0.360000000,-0.000297848573,+0.121964627763,-0.807621647316,+0.121391760091,-0.705737286227,-0.121966623505,-0.000311158157,-0.077935985258,+0.822662143938,-0.151013382490,+0.720379051228,+0.077933808824
37,0.370000000,-0.000322856187,+0.123803734606,-0.806831865209,+0.119834169309,-0.704966425933,-0.123805897911,-0.000337283260,-0.076079693356,+0.823140351205,-0.151953928182,+0.720843413333,+0.076077334188
38,0.380000000,-0.000349729298,+0.125779097352,-0.805968191687,+0.118131256831,-0.704123856847,-0.125781440721,-0.000365357221,-0.074084339825,+0.823640653534,-0.152938497336,+0.721329800893,+0.074081784290
39,0.390000000,-0.000378592494,+0.127899648712,-0.805023206676,+0.116268399728,-0.703202349362,-0.127902185481,-0.000395510198,-0.071940560061,+0.824162404724,-0.153965889041,+0.721837656967,+0.071937793617
40,0.400000000,-0.000409572879,+0.130174463908,-0.803988806749,+0.114229628689,-0.702194008652,-0.130177208262,-0.000427874974,-0.069638788899,+0.824704520439,-0.155034058544,+0.722366017084,+0.069635796075
41,0.410000000,-0.000442798602,+0.132612646383,-0.802856177077,+0.111997568922,-0.701090243614,-0.132615613366,-0.000462585422,-0.067169370062,+0.825265401633,-0.156139966760,+0.722913434989,+0.067166134452
42,0.420000000,-0.000478399827,+0.135223392736,-0.801615674294,+0.109553205108,-0.699881648610,-0.135226598266,-0.000499777527,-0.064522484034,+0.825842898828,-0.157279510712,+0.723477948646,+0.064518988279
43,0.430000000,-0.000516515404,+0.138016472979,-0.800256489703,+0.106875212731,-0.698557670452,-0.138019933903,-0.000539596341,-0.061687653304,+0.826434355147,-0.158447609879,+0.724057123717,+0.061683879032
44,0.440000000,-0.000557309512,+0.141003438308,-0.798765894857,+0.103938464740,-0.697105866802,-0.141007172575,-0.000582213380,-0.058652503904,+0.827036758378,-0.159638508698,+0.724648204643,+0.058648431542
45,0.450000000,-0.000601002455,+0.144199854973,-0.797127830922,+0.100711241423,-0.695510521623,-0.144203882006,-0.000627858793,-0.055400471709,+0.827646993967,-0.160846280367,+0.725248366540,+0.055396080074
46,0.460000000,-0.000647916717,+0.147628635566,-0.795320660854,+0.097150783522,-0.693750438118,-0.147632976949,-0.000676869474,-0.051907368238,+0.828262106207,-0.162065350946,+0.725854979259,+0.051902633792
47,0.470000000,-0.000698531146,+0.151323934570,-0.793314176090,+0.093197364525,-0.691795993873,-0.151328615096,-0.000729745669,-0.048137333337,+0.828879340250,-0.163290597541,+0.726465663790,+0.048132229043
48,0.480000000,-0.000753520532,+0.155333934278,-0.791066594872,+0.088768329669,-0.689606171611,-0.155338983262,-0.000787192321,-0.044039870094,+0.829495581796,-0.164516266021,+0.727077767953,+0.044034363982
49,0.490000000,-0.000813734004,+0.159719127045,-0.788523473854,+0.083755888020,-0.687127437572,-0.159724579491,-0.000850096506,-0.039551437229,+0.830105731195,-0.165732790969,+0.727686805301,+0.039545491126
50,0.500000000,-0.000880037268,+0.164540672388,-0.785622275527,+0.078036048645,-0.684298129687,-0.164546569101,-0.000919362611,-0.034607208246,+0.830699753531,-0.166920992847,+0.728283589435,+0.034600777653
51,0.510000000,-0.000952922146,+0.169831942947,-0.782308642672,+0.071500683208,-0.681064307798,-0.169838328027,-0.000995504439,-0.029170228935,+0.831258964687,-0.168044718989,+0.728850572587,+0.029163265759
52,0.520000000,-0.001032117028,+0.175570447284,-0.778556893801,+0.064098007789,-0.677399814762,-0.175577363012,-0.001078238238,-0.023260579677,+0.831755602355,-0.169049900092,+0.729361328708,+0.023253037809
53,0.530000000,-0.001117053729,+0.181712058555,-0.774353286486,+0.055799568887,-0.673289936215,-0.181719543404,-0.001166970433,-0.016920650340,+0.832160115825,-0.169878920119,+0.729787665067,+0.016912487825
54,0.540000000,-0.001207065151,+0.188205531857,-0.769689010023,+0.046586414211,-0.668724552626,-0.188213619830,-0.001261004115,-0.010200431211,+0.832444359022,-0.170476900498,+0.730102727428,+0.010191610966
55,0.550000000,-0.001301432402,+0.194996048540,-0.764559291552,+0.036447338790,-0.663697275727,-0.195004768824,-0.001359588262,-0.003154002880,+0.832582981864,-0.170794418967,+0.730282333815,+0.003144493076
56,0.560000000,-0.001399418366,+0.202027756098,-0.758962757483,+0.025377641050,-0.658204840424,-0.202037132940,-0.001461952820,+0.004162985522,+0.832554365371,-0.170789332433,+0.730305866640,-0.004173211327
57,0.570000000,-0.001500292205,+0.209245626746,-0.752900876283,+0.013378043978,-0.652246580693,-0.209255679496,-0.001567334287,+0.011695178194,+0.832341175596,-0.170427853929,+0.730156798446,-0.011706141102
58,0.580000000,-0.001603346807,+0.216596782351,-0.746377428631,+0.000453672907,-0.645823934785,-0.216607525623,-0.001674993951,+0.019388861094,+0.831930603199,-0.169685016470,+0.729822917506,-0.019400577041
59,0.590000000,-0.001707910795,+0.224031402216,-0.739397975652,-0.013386970204,-0.638939948855,-0.224042846123,-0.001784230431,+0.027192910312,+0.831314355993,-0.168544656989,+0.729296319364,-0.027205390326
60,0.600000000,-0.001813356347,+0.231503306814,-0.731969309978,-0.028133068609,-0.631598761674,-0.231515457262,-0.001894387847,+0.035059429427,+0.830488467408,-0.166999044117,+0.728573225428,-0.035072679951
61,0.610000000,-0.001919103820,+0.238970291963,-0.724098881227,-0.043772607901,-0.623805059665,-0.238983150976,-0.002004860652,+0.042944146075,+0.829452976280,-0.165048258333,+0.727653681932,-0.042958169313
62,0.620000000,-0.002024623974,+0.246394273036,-0.715794188998,-0.060293564775,-0.615563492890,-0.246407839092,-0.002115095953,+0.050806623113,+0.828211524530,-0.162699415136,+0.726541183589,-0.050821417406
63,0.630000000,-0.002129438398,+0.253741286722,-0.707062133872,-0.077685189003,-0.606878039950,-0.253755555091,-0.002224593959,+0.058610328447,+0.826770910239,-0.159965803899,+0.725242257250,-0.058625888637
64,0.640000000,-0.002233118628,+0.260981388235,-0.697908310634,-0.095939413032,-0.597751303217,-0.260996351317,-0.002332907059,+0.066322598280,+0.825140625197,-0.156865998380,+0.723766032640,-0.066338916078
65,0.650000000,-0.002335284334,+0.268088473983,-0.688336217731,-0.115052444408,-0.588183705228,-0.268104121631,-0.002439637926,+0.073914521585,+0.823332398510,-0.153422980234,+0.722123820002,-0.073931585926
66,0.660000000,-0.002435600857,+0.275040053402,-0.678346341446,-0.135026628217,-0.578172540548,-0.275056373225,-0.002544436945,+0.081360767872,+0.821359761574,-0.149663304572,+0.720328708516,-0.081378565242
67,0.670000000,-0.002533776322,+0.281816988411,-0.667935049845,-0.155872715305,-0.567710812351,-0.281833966064,-0.002646999200,+0.088639375654,+0.819237644600,-0.145616326767,+0.718395194548,-0.088657890408
68,0.680000000,-0.002629558513,+0.288403214877,-0.657093194235,-0.177612749467,-0.556785742717,-0.288420834323,-0.002747061203,+0.095731515513,+0.816982010783,-0.141313501856,+0.716338845031,-0.095750730163
69,0.690000000,-0.002722731608,+0.294785456967,-0.645804255086,-0.200283913670,-0.545376779705,-0.294803700723,-0.002844397490,+0.102621238538,+0.814609531136,-0.136787762016,+0.714175998466,-0.102641134018
70,0.700000000,-0.002813112899,+0.300952942583,-0.634041764241,-0.223943894462,-0.533452810124,-0.300971791943,-0.002938817187,+0.109295218564,+0.812137300671,-0.132072973227,+0.711923503975,-0.109315774475
71,0.710000000,-0.002900549550,+0.306897125881,-0.621765545349,-0.248678720347,-0.520968080337,-0.306916561115,-0.003030160631,+0.115742494665,+0.809582594966,-0.127203469117,+0.709598497363,-0.115763689489
72,0.720000000,-0.002984915448,+0.312611421039,-0.608915951042,-0.274614788535,-0.507855932121,-0.312631421572,-0.003118296076,+0.121954218688,+0.806962665025,-0.122213657912,+0.707218212217,-0.121976029986
73,0.730000000,-0.003066108185,+0.318090950117,-0.595404532778,-0.301938345216,-0.494018652476,-0.318111494685,-0.003203116538,+0.127923411360,+0.804294567598,-0.117137697081,+0.704799823419,-0.127945815945
74,0.740000000,-0.003144046183,+0.323332306731,-0.581097935728,-0.330929116527,-0.479309947853,-0.323353373528,-0.003284536793,+0.133644729462,+0.801595027708,-0.112009229458,+0.702360320127,-0.133667703551
75,0.750000000,-0.003219347585,+0.328378939508,-0.567060452111,-0.359413632460,-0.464838847614,-0.328400510866,-0.003362490550,+0.139114245627,+0.798880329955,-0.106861174387,+0.699916405152,-0.139137764973
76,0.760000000,-0.003293680466,+0.333343712144,-0.556776412513,-0.380232537827,-0.454279871148,-0.333365781573,-0.003436927792,+0.144329241737,+0.796166235123,-0.101725567318,+0.697484417637,-0.144353281745
77,0.770000000,-0.003367158751,+0.338234697795,-0.551282102790,-0.391223481049,-0.448759061867,-0.338257259570,-0.003507812298,+0.149288016292,+0.793467918716,-0.096633441531,+0.695080276055,-0.149312552110
78,0.780000000,-0.003439793933,+0.343053091184,-0.551079746940,-0.391331533240,-0.448829134374,-0.343076139654,-0.003575119340,+0.153989705790,+0.790799928189,-0.091614745895,+0.692719438656,-0.154014712396
79,0.790000000,-0.003511566040,+0.347798007188,-0.555982043126,-0.380939171701,-0.454294933186,-0.347821536572,-0.003638833543,+0.158434119722,+0.788176155885,-0.086698293078,+0.690416878744,-0.158459571985
80,0.800000000,-0.003582420589,+0.352466315551,-0.565181051524,-0.361722569786,-0.464288256758,-0.352490319701,-0.003698946908,+0.162621588696,+0.785609824874,-0.081911732915,+0.688187072294,-0.162647461430
81,0.810000000,-0.003652266093,+0.357052514934,-0.577603088382,-0.335910773104,-0.477653788825,-0.357076987088,-0.003755456984,+0.166552824953,+0.783113485139,-0.077281546172,+0.686043995658,-0.166579092953
82,0.820000000,-0.003720981097,+0.361549231980,-0.592278039955,-0.305984987216,-0.492880495029,-0.361574164563,-0.003808365176,+0.170228794384,+0.780699017835,-0.072833054391,+0.684001131347,-0.170255432458
83,0.830000000,-0.003788404670,+0.365946632365,-0.608496255797,-0.273883589337,-0.508739721858,-0.365972016724,-0.003857675186,+0.173650599228,+0.778377645470,-0.068590441797,+0.682071479966,-0.173677582207
84,0.840000000,-0.003854326394,+0.370231809846,-0.625715916844,-0.240721695379,-0.524658265816,-0.370257635918,-0.003903391569,+0.176819370440,+0.776159946150,-0.064576785746,+0.680267576663,-0.176846673188
85,0.850000000,-0.003918495043,+0.374389393822,-0.643530783329,-0.207326250600,-0.540215532498,-0.374415649860,-0.003945518395,+0.179736168769,+0.774055870200,-0.060814092518,+0.678601510555,-0.179763766178
86,0.860000000,-0.003980619529,+0.378401642080,-0.661630828809,-0.174317775348,-0.555101156985,-0.378428314387,-0.003984058010,+0.182401893649,+0.772074757558,-0.057323335431,+0.677084945705,-0.182429760630
87,0.870000000,-0.004040370724,+0.382248583914,-0.679772424510,-0.142172142585,-0.569083041695,-0.382275656588,-0.004019009876,+0.184817198913,+0.770225354619,-0.054124492739,+0.675729142445,-0.184845310369
88,0.880000000,-0.004097384255,+0.385908214980,-0.697757621014,-0.111263371145,-0.581985280624,-0.385935669678,-0.004050369490,+0.186982414476,+0.768515829198,-0.051236582791,+0.674544977823,-0.187010745280
89,0.890000000,-0.004151264279,+0.389356744096,-0.715420230406,-0.081892269170,-0.593673432359,-0.389384559820,-0.004078127372,+0.188897473157,+0.766953782453,-0.048677694229,+0.673542964115,-0.188925998118
90,0.900000000,-0.004201588284,+0.392568890616,-0.732616592470,-0.054305385125,-0.604044800845,-0.392597043540,-0.004102268104,+0.190561841851,+0.765546256674,-0.046465009100,+0.672733264383,-0.190590535667
91,0.910000000,-0.004247912876,+0.395518229237,-0.749219483381,-0.028707522217,-0.613022009627,-0.395546692562,-0.004122769427,+0.191974456314,+0.764299737913,-0.044614816946,+0.672125704130,-0.192003293530
92,0.920000000,-0.004289780491,+0.398177576695,-0.765114132107,-0.005270011016,-0.620548709525,-0.398206320557,-0.004139601371,+0.193133658865,+0.763220152520,-0.043142518057,+0.671729778203,-0.193162613814
93,0.930000000,-0.004326726922,+0.400519412620,-0.780195669910,+0.015863821678,-0.626586656418,-0.400548404045,-0.004152725428,+0.194037138245,+0.762312856750,-0.042062614359,+0.671554652220,-0.194066184992
94,0.940000000,-0.004358289463,+0.402516324058,-0.794367576346,+0.034575053906,-0.631113661943,-0.402545526970,-0.004162093739,+0.194681870733,+0.761582618791,-0.041388686854,+0.671609158099,-0.194710983007
95,0.950000000,-0.004384015461,+0.404141460819,-0.807540836963,+0.050766831787,-0.634122094319,-0.404170836110,-0.004167648299,+0.195064061409,+0.761033592747,-0.041133358990,+0.671901783532,-0.195093212535
96,0.960000000,-0.004403470954,+0.405368986398,-0.819633624081,+0.064362899301,-0.635617722411,-0.405398492051,-0.004169320142,+0.195179084047,+0.760669284405,-0.041308246170,+0.672440655765,-0.195208246867
97,0.970000000,-0.004416249081,+0.406174507579,-0.830571372512,+0.075306737536,-0.635618774334,-0.406204098853,-0.004167028498,+0.195021417873,+0.760492508758,-0.041923892000,+0.673233520337,-0.195050564664
98,0.980000000,-0.004421977882,+0.406535464833,-0.840287160624,+0.083561149722,-0.634155136712,-0.406565094494,-0.004160679889,+0.194584579251,+0.760505339260,-0.042989691985,+0.674287715485,-0.194613681636
99,0.990000000,-0.004420327126,+0.406431466357,-0.848722331222,+0.089108190699,-0.631267658995,-0.406461084957,-0.004150167140,+0.193861047032,+0.760709048155,-0.044513803874,+0.675610142091,-0.193890075884
100,1.000000000,-0.004411013857,+0.405844551311,-0.855827301790,+0.091949381368,-0.627007554063,-0.405874107506,-0.004135368336,+0.192842182390,+0.761104035645,-0.046503039836,+0.677207226548,-0.192871107730
101,1.010000000,-0.004393806425,+0.404759373550,-0.861562521733,+0.092106173272,-0.621435902762,-0.404788814446,-0.004116145782,+0.191518147938,+0.761689743021,-0.048962728677,+0.679084869644,-0.191546938824
102,1.020000000,-0.004368526948,+0.403163305997,-0.865899537462,+0.089620639190,-0.614623277508,-0.403192577506,-0.004092345143,+0.189877837702,+0.762464540979,-0.051896525643,+0.681248367706,-0.189906462110
103,1.030000000,-0.004335052343,+0.401046477256,-0.868822125772,+0.084556365230,-0.606649499961,-0.401075524465,-0.004063795047,+0.187908838125,+0.763425580424,-0.055306135857,+0.683702284715,-0.187937262836
104,1.040000000,-0.004293314409,+0.398401772793,-0.870327442026,+0.076999485506,-0.597603527196,-0.398430540334,-0.004030307724,+0.185597458397,+0.764568585557,-0.059190894680,+0.686450238761,-0.185625648877
105,1.050000000,-0.004243299508,+0.395224835188,-0.870427141217,+0.067059819668,-0.587583468332,-0.395253267601,-0.003991681170,+0.182928866905,+0.765887576238,-0.063547163311,+0.689494574075,-0.182956787206
106,1.060000000,-0.004177913142,+0.391058781631,-0.869865468324,+0.056239435430,-0.577349775012,-0.391086775918,-0.003940798864,+0.179409548065,+0.767699521360,-0.069009054722,+0.693153662117,-0.179437112463
107,1.070000000,-0.004092458985,+0.385592494973,-0.869186782562,+0.045654447564,-0.567475788586,-0.385619916668,-0.003872738255,+0.174695067978,+0.770179335336,-0.075930027880,+0.697606773632,-0.174722156318
108,1.080000000,-0.003990618337,+0.379046215570,-0.868118276406,+0.034860606083,-0.557788398712,-0.379072954875,-0.003790604491,+0.168995324899,+0.773107065253,-0.083884103088,+0.702647121439,-0.169021838743
109,1.090000000,-0.003876074211,+0.371642394979,-0.866404309679,+0.023444202275,-0.548127897803,-0.371668366773,-0.003697486757,+0.162519942714,+0.776274702793,-0.092469425213,+0.708080122249,-0.162545805234
110,1.100000000,-0.003752405295,+0.363600565114,-0.863820775121,+0.011048494609,-0.538360111344,-0.363625708257,-0.003596381636,+0.155473556787,+0.779497121282,-0.101330445585,+0.713734679470,-0.155498712114
111,1.110000000,-0.003622963315,+0.355130330869,-0.860188826630,-0.002600467657,-0.528388557050,-0.355154606678,-0.003490095181,+0.148049285437,+0.782619335660,-0.110173312590,+0.719471345229,-0.148073697330
112,1.120000000,-0.003490734253,+0.346422468618,-0.855388475399,-0.017667073096,-0.518167675866,-0.346445858418,-0.003381122207,+0.140420284983,+0.785520227707,-0.118775102627,+0.725187849744,-0.140443934652
113,1.130000000,-0.003358190695,+0.337638645952,-0.849372379219,-0.034177369885,-0.507717865440,-0.337661147635,-0.003271508511,+0.132729825668,+0.788112925204,-0.126987422390,+0.730822338822,-0.132752708630
114,1.140000000,-0.003227152495,+0.328901031953,-0.842179591790,-0.051988826470,-0.497141998732,-0.328922655608,-0.003162712460,+0.125081111317,+0.790342108315,-0.134734523948,+0.736354185984,-0.125103233290
115,1.150000000,-0.003098684495,+0.320283935697,-0.833947942900,-0.070762386401,-0.486640995214,-0.320304698545,-0.003055495275,+0.117529000875,+0.792178801743,-0.142005571806,+0.741801458353,-0.117550372905
116,1.160000000,-0.002973334240,+0.311828237944,-0.824894378867,-0.089998967444,-0.476496876974,-0.311848160876,-0.002950147544,+0.110095452535,+0.793606821276,-0.148826511974,+0.747206287682,-0.110116087698
117,1.170000000,-0.002851866052,+0.303590220223,-0.815243414435,-0.109185103776,-0.466998433844,-0.303609329251,-0.002847222905,+0.102821086588,+0.794603531102,-0.155211758766,+0.752605707019,-0.102841001831
118,1.180000000,-0.002734524718,+0.295591522883,-0.805305394526,-0.127665114281,-0.458491014805,-0.295609845660,-0.002746794971,+0.095712658100,+0.795168333557,-0.161194305793,+0.758033351499,-0.095731870887
119,1.190000000,-0.002620963700,+0.287813253690,-0.795483380915,-0.144649925522,-0.451360817710,-0.287830815546,-0.002648372072,+0.088736743290,+0.795330017014,-0.166814159774,+0.763500534268,-0.088755267647
120,1.200000000,-0.002509394478,+0.280136391159,-0.786358284295,-0.159018736836,-0.446148304795,-0.280153205440,-0.002550011972,+0.081756643239,+0.795148169732,-0.172151995008,+0.769028539555,-0.081774479604
121,1.210000000,-0.002397248170,+0.272385525297,-0.778600436389,-0.169476767238,-0.443478653853,-0.272401588137,-0.002448976031,+0.074578362956,+0.794685208063,-0.177287245910,+0.774634588386,-0.074595492613
122,1.220000000,-0.002284552912,+0.264562795574,-0.772562282695,-0.175469882539,-0.443553527813,-0.264578103294,-0.002345207487,+0.067197951384,+0.793944801514,-0.182179955745,+0.780274999639,-0.067214355219
123,1.230000000,-0.002171971905,+0.256714779797,-0.768444510906,-0.177333438211,-0.445836697576,-0.256729333163,-0.002239342643,+0.059660915419,+0.792921899698,-0.186771432773,+0.785896032828,-0.059676578770
124,1.240000000,-0.002059980924,+0.248875709184,-0.766411907481,-0.174893374406,-0.450337316846,-0.248889512150,-0.002131878929,+0.052003136140,+0.791618220894,-0.191016400497,+0.791450619152,-0.052018047823
125,1.250000000,-0.001948906768,+0.241069867231,-0.766563426411,-0.167992630546,-0.457113422649,-0.241082925940,-0.002023202050,+0.044252729451,+0.790040289401,-0.194880345710,+0.796897666534,-0.044266880981
126,1.260000000,-0.001838967088,+0.233314163633,-0.768916440737,-0.156639237708,-0.466139576578,-0.233326485687,-0.001913620356,+0.036432439808,+0.788197770791,-0.198337100184,+0.802201301004,-0.036445824856
127,1.270000000,-0.001730313455,+0.225621018899,-0.773406178766,-0.141006532412,-0.477307200990,-0.225632612915,-0.001803404770,+0.028562447902,+0.786102210667,-0.201366944715,+0.807330228151,-0.028575062033
128,1.280000000,-0.001623078058,+0.218001584392,-0.779895908176,-0.121411271735,-0.490436267136,-0.218012459874,-0.001692832938,+0.020663494503,+0.783766245446,-0.203955437603,+0.812257348664,-0.020675335227
129,1.290000000,-0.001516995542,+0.210438699324,-0.787499026192,-0.099641817830,-0.504625098464,-0.210448863996,-0.001582236553,+0.012760240199,+0.781203326348,-0.206093105399,+0.816959724883,-0.012771307343
130,1.300000000,-0.001411355979,+0.202883061464,-0.794438877264,-0.079217896184,-0.518130789420,-0.202892518294,-0.001472051064,+0.004884795190,+0.778427976301,-0.207776082858,+0.821418965829,-0.004895091629
131,1.310000000,-0.001306516731,+0.195361398648,-0.800690166381,-0.060207280976,-0.530910797788,-0.195370153000,-0.001362700646,-0.002931532036,+0.775456491314,-0.209007516826,+0.825621933351,+0.002922000462
132,1.320000000,-0.001202383835,+0.187868209353,-0.806331681747,-0.042472395107,-0.543023944154,-0.187876265959,-0.001254087296,-0.010694788772,+0.772305584743,-0.209794655790,+0.829559181054,+0.010686016907
133,1.330000000,-0.001098760863,+0.180390488811,-0.811435481937,-0.025887552312,-0.554523903607,-0.180397851088,-0.001146006140,-0.018418696056,+0.768989534527,-0.210143108666,+0.833222053341,+0.018410680178
134,1.340000000,-0.000995494152,+0.172918160072,-0.816059930561,-0.010352253727,-0.565452845828,-0.172924830407,-0.001038296905,-0.026113807256,+0.765520160731,-0.210056664296,+0.836602527341,+0.026106544763
135,1.350000000,-0.000892471497,+0.165444033549,-0.820252578789,+0.004214580594,-0.575844322844,-0.165450013578,-0.000930842558,-0.033787595973,+0.761907229540,-0.209537907835,+0.839693427028,+0.033781085082
136,1.360000000,-0.000789620990,+0.157963770839,-0.824052333377,+0.017878882894,-0.585725373913,-0.157969061715,-0.000823568092,-0.041444538258,+0.758158841762,-0.208588800098,+0.842488615707,+0.041438777711
137,1.370000000,-0.000686909892,+0.150475844527,-0.827491140602,+0.030694697728,-0.595118103246,-0.150480447184,-0.000716439356,-0.049086197868,+0.754281809532,-0.207211233990,+0.844983177299,+0.049081186646
138,1.380000000,-0.000584343440,+0.142981487761,-0.830595332856,+0.042706741307,-0.604040894368,-0.142985403169,-0.000609461803,-0.056711320918,+0.750282022786,-0.205407575931,+0.847173592800,+0.056707057963
139,1.390000000,-0.000481963536,+0.135484629087,-0.833386733176,+0.053952462535,-0.612509368209,-0.135487858496,-0.000502679129,-0.064315944268,+0.746164805459,-0.203181195559,+0.849057915191,+0.064312428218
140,1.400000000,-0.000379847262,+0.127991809279,-0.835883580519,+0.064463739633,-0.620537156006,-0.127994354455,-0.000396171719,-0.071893520530,+0.741935260216,-0.200536983325,+0.850635943644,+0.071890749458
141,1.410000000,-0.000278105202,+0.120512077897,-0.838101317487,+0.074268301698,-0.628136534643,-0.120513941347,-0.000290054901,-0.079435061368,+0.737598599499,-0.197481852773,+0.851909395974,+0.079433032544
142,1.420000000,-0.000176879549,+0.113056868431,-0.840053268157,+0.083390934706,-0.635318956283,-0.113058053616,-0.000184482322,-0.086928920052,+0.735683723652,-0.193538018938,+0.849871610482,+0.086927629668
143,1.430000000,-0.000076341996,+0.105639851222,-0.841751224469,+0.091854511901,-0.642095493738,-0.105640362753,-0.000079621763,-0.094362531905,+0.733600735118,-0.189250509250,+0.847657541732,+0.094361974981
144,1.440000000,+0.000023308606,+0.098276764408,-0.843205953066,+0.099680874479,-0.648477215578,-0.098276608228,+0.000024319026,-0.101720605099,+0.731355720933,-0.184631732851,+0.845273550431,+0.101720775202
145,1.450000000,+0.000121848799,+0.090985223159,-0.844427630412,+0.106891579625,-0.654475500194,-0.090984406708,+0.000127106619,-0.108986162574,+0.728956661691,-0.179697973781,+0.842727987402,+0.108987051637
146,1.460000000,+0.000219033287,+0.083784508410,-0.845426210891,+0.113508526244,-0.660102294426,-0.083783040772,+0.000228484796,-0.116140772306,+0.726413597569,-0.174469732515,+0.840031369487,+0.116142370471
147,1.470000000,+0.000314597906,+0.076695336191,-0.846211730887,+0.119554464856,-0.665370320179,-0.076693228220,+0.000328177649,-0.123164790703,+0.723738757412,-0.168971992539,+0.837196517179,+0.123167086182
148,1.480000000,+0.000408262788,+0.069739609208,-0.846794550589,+0.125053395266,-0.670293230921,-0.069736873633,+0.000425892878,-0.130037616851,+0.720946645512,-0.163234400854,+0.834238648270,+0.130040595811
149,1.490000000,+0.000499735702,+0.062940152472,-0.847185534677,+0.130030854203,-0.674885719033,-0.062936803982,+0.000521325283,-0.136737955589,+0.718054080353,-0.157291350627,+0.831175421407,+0.136741602063
150,1.500000000,+0.000588715562,+0.056320434889,-0.847396172895,+0.134514094515,-0.679163574621,-0.056316490186,+0.000614160421,-0.143244087358,+0.715080179519,-0.151181953931,+0.828026923323,+0.143248383180
151,1.510000000,+0.000674896092,+0.049904278779,-0.847438641674,+0.138532157675,-0.683143696355,-0.049899756622,+0.000704078437,-0.149534142786,+0.712046285047,-0.144949892656,+0.824815593535,+0.149539067551
152,1.520000000,+0.000757969631,+0.043715559339,-0.847325808409,+0.142115842047,-0.686844055180,-0.043710480547,+0.000790758028,-0.155586380395,+0.708975823658,-0.138643135966,+0.821566080455,+0.155591911451
153,1.530000000,+0.000837631068,+0.037777895953,-0.847071180716,+0.145297570667,-0.690283612346,-0.037772283387,+0.000873880556,-0.161379465893,+0.705894096976,-0.132313513972,+0.818305023500,+0.161385578360
154,1.540000000,+0.000913581892,+0.032114337092,-0.846688803888,+0.148111163988,-0.693482193985,-0.032108215616,+0.000953134270,-0.166892751965,+0.702827997690,-0.126016139075,+0.815060756695,+0.166899418782
155,1.550000000,+0.000985534350,+0.026747040361,-0.846193110842,+0.150591525109,-0.696460325504,-0.026740436766,+0.001028218650,-0.172106557840,+0.699805649110,-0.119808669421,+0.811862930806,+0.172113749845
156,1.560000000,+0.001053215699,+0.021696949050,-0.845598730059,+0.152774247395,-0.699239030197,-0.021689891955,+0.001098848844,-0.177002448216,+0.696855967608,-0.113750413146,+0.808742053211,+0.177010134253
157,1.570000000,+0.001116372541,+0.016983466124,-0.844920258308,+0.154695156976,-0.701839597829,-0.016975985845,+0.001164760189,-0.181563511678,+0.694008150019,-0.107901277430,+0.805728947487,+0.181571658740
158,1.580000000,+0.001174775236,+0.012624126419,-0.844172006293,+0.156389805293,-0.704283330258,-0.012616254812,+0.001225712821,-0.185774639035,+0.691291091490,-0.102320573437,+0.802854138345,+0.185783212439
159,1.590000000,+0.001228222382,+0.008634267413,-0.843367726627,+0.157892929511,-0.706591272527,-0.008626037682,+0.001281496346,-0.189622802394,+0.688732743134,-0.097065696250,+0.800147171696,+0.189631765982
160,1.600000000,+0.001276545349,+0.005026698818,-0.842520334724,+0.159237901008,-0.708783939136,-0.005018145298,+0.001331934577,-0.193097336049,+0.686359423232,-0.092190708012,+0.797635884391,+0.193106652435
161,1.610000000,+0.001319612864,+0.001811370811,-0.841641634157,+0.160456184300,-0.710881046305,-0.001802528716,+0.001376890317,-0.196190220533,+0.684195100186,-0.087744861809,+0.795345642969,+0.196199851368
162,1.620000000,+0.001357335645,-0.001004959037,-0.840742058689,+0.161576830142,-0.712901261858,+0.001014053894,+0.001416277692,-0.198896886237,+0.679882401261,-0.084432760211,+0.796338489905,+0.198906792571
163,1.630000000,+0.001389671049,-0.003419060304,-0.839830443399,+0.162626027356,-0.714861984863,+0.003428371826,+0.001451132605,-0.201289622411,+0.677183609341,-0.084274286139,+0.798871862131,+0.201299772543
164,1.640000000,+0.001416627745,-0.005431565500,-0.838913837037,+0.163626737574,-0.716779167166,+0.005441057645,+0.001481914502,-0.203400809352,+0.676591224301,-0.088303101914,+0.803486861056,+0.203411174792
165,1.650000000,+0.001438270386,-0.007047306681,-0.837997366866,+0.164598435644,-0.718667188341,+0.007056943843,+0.001508692103,-0.205235864727,+0.678029789714,-0.096376845359,+0.810116592244,+0.205246417466
166,1.660000000,+0.001454724251,-0.008275652356,-0.837084165668,+0.165556975522,-0.720538794213,+0.008285399768,+0.001531563746,-0.206802136344,+0.681368731633,-0.108238494722,+0.818634609284,+0.206812849063
167,1.670000000,+0.001466179870,-0.009130844253,-0.836175368417,+0.166514596885,-0.722405106760,+0.009140668423,+0.001550663560,-0.208109320567,+0.686432071812,-0.123536356268,+0.828865186904,+0.208120166882
168,1.680000000,+0.001472897610,-0.009632334736,-0.835270183259,+0.167480081336,-0.724275709613,+0.009642203918,+0.001566168594,-0.209169948431,+0.693010365493,-0.141848705048,+0.840596022554,+0.209180903198
169,1.690000000,+0.001475212283,-0.009805127861,-0.834366038157,+0.168459058779,-0.726158808376,+0.009815012553,+0.001578308894,-0.210000076829,+0.700988866515,-0.162697286437,+0.853463570896,+0.210011116512
170,1.700000000,+0.001473537874,-0.009680131287,-0.833458800904,+0.169454454437,-0.728061458531,+0.009690004759,+0.001587384691,-0.210620468851,+0.710831517605,-0.185533384747,+0.866455118799,+0.210631572016
171,1.710000000,+0.001468266142,-0.009286588424,-0.832543317772,+0.170467517957,-0.729990058106,+0.009296426574,+0.001593643631,-0.211048213722,+0.722435212232,-0.209881714434,+0.879198440827,+0.211059360666
172,1.720000000,+0.001459418374,-0.008626082432,-0.831614455994,+0.171499743230,-0.731951229317,+0.008635861296,+0.001596919088,-0.211272031849,+0.735597192928,-0.235317096994,+0.891471154506,+0.211283201704
173,1.730000000,+0.001446908081,-0.007692147544,-0.830666440666,+0.172551578430,-0.733951188871,+0.007701842583,+0.001596909394,-0.211271369485,+0.750119994248,-0.261432544789,+0.903063803018,+0.211282539273
174,1.740000000,+0.001430640570,-0.006477703219,-0.829692569222,+0.173621813158,-0.735995419336,+0.006487289258,+0.001593285853,-0.211023764798,+0.765809028084,-0.287835933872,+0.913778919540,+0.211034909240
175,1.750000000,+0.001410515323,-0.004975234055,-0.828685176590,+0.174707386600,-0.738088511844,+0.004984685244,+0.001585698693,-0.210505231969,+0.782473723752,-0.314154212922,+0.923434094077,+0.210516323341
176,1.760000000,+0.001386427882,-0.003176932959,-0.827635589292,+0.175803200081,-0.740234024192,+0.003186222749,+0.001573783184,-0.209690652547,+0.799927795656,-0.340035935728,+0.931864236096,+0.209701660575
177,1.770000000,+0.001358268623,-0.001074613777,-0.826534023902,+0.176901981329,-0.742434446343,+0.001083714885,+0.001557163049,-0.208553978703,+0.817989045091,-0.365152880351,+0.938923390119,+0.208564870479
178,1.780000000,+0.001325914323,+0.001340913226,-0.825369341970,+0.177994241919,-0.744691402541,-0.001332028908,+0.001535446494,-0.207067928481,+0.836479100214,-0.389201483947,+0.944486430193,+0.207078668357
179,1.790000000,+0.001289207045,+0.004081411009,-0.824128515047,+0.179068325455,-0.747006233884,-0.004072772649,+0.001508208473,-0.205202734178,+0.855223476276,-0.411904741420,+0.948450900544,+0.205213283535
180,1.800000000,+0.001247915062,+0.007164124163,-0.822795602222,+0.180110433714,-0.749381045745,-0.007155762481,+0.001474952810,-0.202923499702,+0.874052254240,-0.433015005877,+0.950739143280,+0.202933816447
181,1.810000000,+0.001202968490,+0.010519525311,-0.821353211162,+0.181110890338,-0.751823521006,-0.010511464794,+0.001436494787,-0.200285042014,+0.892754539566,-0.452223740997,+0.951253313629,+0.200295089760
182,1.820000000,+0.001156594136,+0.013981272376,-0.819786427851,+0.182075527910,-0.754354399570,-0.013973522591,+0.001395143450,-0.197444924830,+0.911078385086,-0.469164773139,+0.949878690661,+0.197454683338
183,1.830000000,+0.001111050821,+0.017380665027,-0.818082488601,+0.183027397178,-0.757009519262,-0.017373220406,+0.001353308132,-0.194568274086,+0.928779344557,-0.483513428587,+0.946534555676,+0.194577739972
184,1.840000000,+0.001068627684,+0.020546810938,-0.816231240987,+0.184006307588,-0.759838896405,-0.020539650575,+0.001313491164,-0.191827370107,+0.945619854890,-0.494984483258,+0.941172765231,+0.191836557487
185,1.850000000,+0.001031671246,+0.023304634342,-0.814247391600,+0.185049079904,-0.762864728407,-0.023297721606,+0.001278323699,-0.189404092401,+0.961296152452,-0.503390715622,+0.933909381046,+0.189413033798
186,1.860000000,+0.001002470817,+0.025483430590,-0.812241752836,+0.186131069692,-0.765951660935,-0.025476713512,+0.001250554854,-0.187489034121,+0.975414926945,-0.508950324524,+0.925355431754,+0.187497781285
187,1.870000000,+0.000982676592,+0.026960246084,-0.810324267161,+0.187230574476,-0.768968143407,-0.026953661638,+0.001232234683,-0.186224832476,+0.987658274039,-0.511999571372,+0.916164744293,+0.186233451498
188,1.880000000,+0.000972314716,+0.027733283056,-0.808573614891,+0.188321881519,-0.771809825147,-0.027726768039,+0.001223567107,-0.185626507247,+0.997882332774,-0.512969165235,+0.906911886136,+0.185635065642
189,1.890000000,+0.000969314927,+0.027957073140,-0.807032357553,+0.189359775505,-0.774388894618,-0.027950578224,+0.001222358472,-0.185543064123,+1.006112955643,-0.512389978369,+0.898102300041,+0.185551614064
190,1.900000000,+0.000969298215,+0.027958319843,-0.805707569971,+0.190274954305,-0.776628860541,-0.027951825038,+0.001223770131,-0.185640523619,+1.012535544188,-0.510892582834,+0.890182054745,+0.185649083434
191,1.910000000,+0.000969284307,+0.027959357394,-0.804598977003,+0.191025076031,-0.778487574855,-0.027952862683,+0.001224535619,-0.185693370584,+1.017354507771,-0.508966219275,+0.883436585898,+0.185701935753
192,1.920000000,+0.000969273227,+0.027960184001,-0.803711846745,+0.191615213141,-0.779964841919,-0.027953689364,+0.001224770929,-0.185709615494,+1.020722153905,-0.506854743060,+0.877957419981,+0.185718182309
193,1.930000000,+0.000969264857,+0.027960808418,-0.803039406915,+0.192056612561,-0.781078680940,-0.027954313837,+0.001224590398,-0.185697152312,+1.022823896306,-0.504745090677,+0.873746058623,+0.185705717865
194,1.940000000,+0.000969258965,+0.027961247954,-0.802564880974,+0.192365056793,-0.781861650952,-0.027954753413,+0.001224104173,-0.185663584962,+1.023866411451,-0.502770677130,+0.870729219946,+0.185672147113
195,1.950000000,+0.000969255232,+0.027961526470,-0.802263686629,+0.192559538376,-0.782357326778,-0.027955031954,+0.001223415803,-0.185616061479,+1.024067673686,-0.501017783335,+0.868775191326,+0.185624618816
196,1.960000000,+0.000969253276,+0.027961672384,-0.802105734236,+0.192661127956,-0.782616868697,-0.027955177881,+0.001222619938,-0.185561115721,+1.023648176362,-0.499533561021,+0.867710613603,+0.185569667491
197,1.970000000,+0.000969252682,+0.027961716676,-0.802057767187,+0.192691924315,-0.782695632089,-0.027955222177,+0.001221800132,-0.185504515894,+1.022822645630,-0.498334403321,+0.867337138285,+0.185513061930
198,1.980000000,+0.000969253028,+0.027961690887,-0.802085697218,+0.192673995434,-0.782649773185,-0.027955196386,+0.001221026728,-0.185451118654,+1.021791667358,-0.497413702678,+0.867447558941,+0.185459659280
199,1.990000000,+0.000969253909,+0.027961625127,-0.802156902503,+0.192628248388,-0.782532820879,-0.027955130619,+0.001220354808,-0.185404727121,+1.020732835490,-0.496748390760,+0.867841203116,+0.185413263047
200,2.000000000,+0.000969254969,+0.027961546072,-0.802242473203,+0.192573198119,-0.782392199940,-0.027955051558,+0.001219822164,-0.185367951058,+1.019791248913,-0.496304065440,+0.868338562828,+0.185376483258
201,2.010000000,+0.000969255922,+0.027961474974,-0.802319405112,+0.192523636489,-0.782265706426,-0.027954980453,+0.001219447283,-0.185342067418,+1.019069392100,-0.496038890737,+0.868795314219,+0.185350596997
202,2.020000000,+0.000969256583,+0.027961425655,-0.802372755470,+0.192489228353,-0.782177947951,-0.027954931130,+0.001219227318,-0.185326879774,+1.018616596717,-0.495906742369,+0.869116001882,+0.185335407813
203,2.030000000,+0.000969256893,+0.027961402516,-0.802397782460,+0.192473076439,-0.782136769055,-0.027954907988,+0.001219136014,-0.185320575626,+1.018418365622,-0.495860201969,+0.869267709448,+0.185329103027
204,2.040000000,+0.000969256947,+0.027961398533,-0.802402089767,+0.192470295892,-0.782129681203,-0.027954904005,+0.001219121615,-0.185319581404,+1.018385818056,-0.495853914147,+0.869293971852,+0.185328108704
205,2.050000000,+0.000969256947,+0.027961398533,-0.802402089767,+0.192470295892,-0.782129681203,-0.027954904005,+0.001219087986,-0.185317259448,+1.018357280153,-0.495799840210,+0.869268442032,+0.185325786513
206,2.060000000,+0.000969256947,+0.027961398533,-0.802402089767,+0.192470295892,-0.782129681203,-0.027954904005,+0.001218862768,-0.185301708985,+1.018166112243,-0.495437604081,+0.869097415426,+0.185310234474
207,2.070000000,+0.000969256947,+0.027961398533,-0.802402089767,+0.192470295892,-0.782129681203,-0.027954904005,+0.001218281784,-0.185261593753,+1.017672593755,-0.494502383688,+0.868655820850,+0.185270115179
208,2.080000000,+0.000969256947,+0.027961398533,-0.802402089767,+0.192470295892,-0.782129681203,-0.027954904005,+0.001217209616,-0.185187562190,+1.016760428645,-0.492773549809,+0.867839350091,+0.185196076117
209,2.090000000,+0.000969256947,+0.027961398533,-0.802402089767,+0.192470295892,-0.782129681203,-0.027954904005,+0.001215538401,-0.185072163230,+1.015334948700,-0.490071110734,+0.866562699449,+0.185080665467
210,2.100000000,+0.000969256947,+0.027961398533,-0.802402089767,+0.192470295892,-0.782129681203,-0.027954904005,+0.001213186593,-0.184909760227,+1.013321326484,-0.486252182228,+0.864757826956,+0.184918246014
211,2.110000000,+0.000969256947,+0.027961398533,-0.802402089767,+0.192470295892,-0.782129681203,-0.027954904005,+0.001210097636,-0.184696438702,+1.010662863441,-0.481207630799,+0.862372307764,+0.184704902883
212,2.120000000,+0.000969256947,+0.027961398533,-0.802402089767,+0.192470295892,-0.782129681203,-0.027954904005,+0.001206238500,-0.184429905190,+1.007319392256,-0.474858978888,+0.859367837241,+0.184438342378
213,2.130000000,+0.000969256947,+0.027961398533,-0.802402089767,+0.192470295892,-0.782129681203,-0.027954904005,+0.001201598070,-0.184109375919,+1.003265814221,-0.467155618572,+0.855718907608,+0.184117780649
214,2.140000000,+0.000969256947,+0.027961398533,-0.802402089767,+0.192470295892,-0.782129681203,-0.027954904005,+0.001196185371,-0.183735455223,+0.998490779903,-0.458072351077,+0.851411667131,+0.183743822093
215,2.150000000,+0.000969256947,+0.027961398533,-0.802402089767,+0.192470295892,-0.782129681203,-0.027954904005,+0.001190027665,-0.183310004606,+0.992995513468,-0.447607250137,+0.846442959542,+0.183318328405
216,2.160000000,+0.000969256947,+0.027961398533,-0.802402089767,+0.192470295892,-0.782129681203,-0.027954904005,+0.001183168425,-0.182836004107,+0.986792776510,-0.435779835750,+0.840819534384,+0.182844279928
217,2.170000000,+0.000969256947,+0.027961398533,-0.802402089767,+0.192470295892,-0.782129681203,-0.027954904005,+0.001175665225,-0.182317408150,+0.979905963924,-0.422629536652,+0.834557414048,+0.182325631489
218,2.180000000,+0.000969256947,+0.027961398533,-0.802402089767,+0.192470295892,-0.782129681203,-0.027954904005,+0.001167587593,-0.181758998375,+0.972368323330,-0.408214416792,+0.827681401272,+0.181767165214
219,2.190000000,+0.000969256947,+0.027961398533,-0.802402089767,+0.192470295892,-0.782129681203,-0.027954904005,+0.001159014854,-0.181166236028,+0.964222287241,-0.392610136273,+0.820224708368,+0.181174342903
220,2.200000000,+0.000969256947,+0.027961398533,-0.802402089767,+0.192470295892,-0.782129681203,-0.027954904005,+0.001150034002,-0.180545116426,+0.955518906198,-0.375909115477,+0.812228688641,+0.180553160484
221,2.210000000,+0.000969256947,+0.027961398533,-0.802402089767,+0.192470295892,-0.782129681203,-0.027954904005,+0.001140737645,-0.179902027769,+0.946317368047,-0.358219865632,+0.803742648106,+0.179910006802
222,2.220000000,+0.000969256947,+0.027961398533,-0.802402089767,+0.192470295892,-0.782129681203,-0.027954904005,+0.001131222039,-0.179243616214,+0.936684585444,-0.339666443703,+0.794823713262,+0.179251528689
223,2.230000000,+0.000969256947,+0.027961398533,-0.802402089767,+0.192470295892,-0.782129681203,-0.027954904005,+0.001121585243,-0.178576658757,+0.926694828630,-0.320387980311,+0.785536726591,+0.178584503826
224,2.240000000,+0.000969256947,+0.027961398533,-0.802402089767,+0.192470295892,-0.782129681203,-0.027954904005,+0.001111925403,-0.177907944923,+0.916429373482,-0.300538216111,+0.775954135212,+0.177915722425
225,2.250000000,+0.000969256947,+0.027961398533,-0.802402089767,+0.192470295892,-0.782129681203,-0.027954904005,+0.001102339176,-0.177244167861,+0.905976126839,-0.280284966668,+0.766155830709,+0.177251878311
226,2.260000000,+0.000969256947,+0.027961398533,-0.802402089767,+0.192470295892,-0.782129681203,-0.027954904005,+0.001092920305,-0.176591824918,+0.895429179722,-0.259809413488,+0.756228887195,+0.176599469487
227,2.270000000,+0.000969256947,+0.027961398533,-0.802402089767,+0.192470295892,-0.782129681203,-0.027954904005,+0.001083758315,-0.175957127384,+0.884888227249,-0.239305095224,+0.746267132808,+0.175964707868
228,2.280000000,+0.000969256947,+0.027961398533,-0.802402089767,+0.192470295892,-0.782129681203,-0.027954904005,+0.001074937349,-0.175345918659,+0.874457780321,-0.218976445418,+0.736370475945,+0.175353437443
229,2.290000000,+0.000969256947,+0.027961398533,-0.802402089767,+0.192470295892,-0.782129681203,-0.027954904005,+0.001066535101,-0.174763599823,+0.864246081552,-0.199036697492,+0.726643894480,+0.174771059837
230,2.300000000,+0.000969256947,+0.027961398533,-0.802402089767,+0.192470295892,-0.782129681203,-0.027954904005,+0.001058621851,-0.174215061287,+0.854363629032,-0.179704959677,+0.717195987054,+0.174222465951
231,2.310000000,+0.000969256947,+0.027961398533,-0.802402089767,+0.192470295892,-0.782129681203,-0.027954904005,+0.001051259554,-0.173704619007,+0.844921209779,-0.161202259143,+0.708136983871,+0.173711972174
232,2.320000000,+0.000969256947,+0.027961398533,-0.802402089767,+0.192470295892,-0.782129681203,-0.027954904005,+0.001044500983,-0.173235953619,+0.836027356499,-0.143746379224,+0.699576127265,+0.173243259513
233,2.330000000,+0.000969256947,+0.027961398533,-0.802402089767,+0.192470295892,-0.782129681203,-0.027954904005,+0.001038388885,-0.172812050767,+0.827785171563,-0.127545376661,+0.691618365066,+0.172819313909
234,2.340000000,+0.000969256947,+0.027961398533,-0.802402089767,+0.192470295892,-0.782129681203,-0.027954904005,+0.001032955121,-0.172435140865,+0.820288515578,-0.112789777078,+0.684360357621,+0.172442365999
235,2.350000000,+0.000969256947,+0.027961398533,-0.802402089767,+0.192470295892,-0.782129681203,-0.027954904005,+0.001028219785,-0.172106636593,+0.813617635323,-0.099643608012,+0.677885882989,+0.172113828606
236,2.360000000,+0.000969256947,+0.027961398533,-0.802402089767,+0.192470295892,-0.782129681203,-0.027954904005,+0.001024190255,-0.171827066541,+0.807834399814,-0.088234624390,+0.672260826494,+0.171834230369
237,2.370000000,+0.000969256947,+0.027961398533,-0.802402089767,+0.192470295892,-0.782129681203,-0.027954904005,+0.001020860168,-0.171596003559,+0.802977408558,-0.078644279732,+0.667528043823,+0.171603144094
238,2.380000000,+0.000969256947,+0.027961398533,-0.802402089767,+0.192470295892,-0.782129681203,-0.027954904005,+0.001018208302,-0.171411986649,+0.799057306989,-0.070898143729,+0.663702463340,+0.171419108635
239,2.390000000,+0.000969256947,+0.027961398533,-0.802402089767,+0.192470295892,-0.782129681203,-0.027954904005,+0.001016197345,-0.171272435601,+0.796052664866,-0.064957509540,+0.660766815191,+0.171279543521
240,2.400000000,+0.000969256947,+0.027961398533,-0.802402089767,+0.192470295892,-0.782129681203,-0.027954904005,+0.001014772560,-0.171173557993,+0.793906720032,-0.060712821993,+0.658668315980,+0.171180655947
241,2.410000000,+0.000969256947,+0.027961398533,-0.802402089767,+0.192470295892,-0.782129681203,-0.027954904005,+0.001013860327,-0.171110248853,+0.792525160396,-0.057979286541,+0.657316495998,+0.171117340426
242,2.420000000,+0.000969256947,+0.027961398533,-0.802402089767,+0.192470295892,-0.782129681203,-0.027954904005,+0.001013366606,-0.171075983982,+0.791774925761,-0.056494618431,+0.656582146838,+0.171083072102
243,2.430000000,+0.000969256947,+0.027961398533,-0.802402089767,+0.192470295892,-0.782129681203,-0.027954904005,+0.001013175329,-0.171062708978,+0.791483793845,-0.055918436316,+0.656297129300,+0.171069795760
244,2.440000000,+0.000969256947,+0.027961398533,-0.802402089767,+0.192470295892,-0.782129681203,-0.027954904005,+0.001013146773,-0.171060727152,+0.791440307992,-0.055832370626,+0.656254554339,+0.171067813734
245,2.450000000,+0.000969256947,+0.027961398533,-0.802402089767,+0.192470295892,-0.782129681203,-0.027954904005,+0.001013146773,-0.171060727152,+0.791440307992,-0.055832370626,+0.656254554339,+0.171067813734
246,2.460000000,+0.000969256947,+0.027961398533,-0.802402089767,+0.192470295892,-0.782129681203,-0.027954904005,+0.001013146773,-0.171060727152,+0.791440307992,-0.055832370626,+0.656254554339,+0.171067813734
247,2.470000000,+0.000969256947,+0.027961398533,-0.802402089767,+0.192470295892,-0.782129681203,-0.027954904005,+0.001013146773,-0.171060727152,+0.791440307992,-0.055832370626,+0.656254554339,+0.171067813734
248,2.480000000,+0.000969256947,+0.027961398533,-0.802402089767,+0.192470295892,-0.782129681203,-0.027954904005,+0.001013146773,-0.171060727152,+0.791440307992,-0.055832370626,+0.656254554339,+0.171067813734
249,2.490000000,+0.000969256947,+0.027961398533,-0.802402089767,+0.192470295892,-0.782129681203,-0.027954904005,+0.001013146773,-0.171060727152,+0.791440307992,-0.055832370626,+0.656254554339,+0.171067813734
250,2.500000000,+0.000969256947,+0.027961398533,-0.802402089767,+0.192470295892,-0.782129681203,-0.027954904005,+0.001013146773,-0.171060727152,+0.791440307992,-0.055832370626,+0.656254554339,+0.171067813734
251,2.510000000,+0.000969256947,+0.027961398533,-0.802402089767,+0.192470295892,-0.782129681203,-0.027954904005,+0.001013146773,-0.171060727152,+0.791440307992,-0.055832370626,+0.656254554339,+0.171067813734
252,2.520000000,+0.000969256947,+0.027961398533,-0.802402089767,+0.192470295892,-0.782129681203,-0.027954904005,+0.001013146773,-0.171060727152,+0.791440307992,-0.055832370626,+0.656254554339,+0.171067813734
253,2.530000000,+0.000969256947,+0.027961398533,-0.802402089767,+0.192470295892,-0.782129681203,-0.027954904005,+0.001013146773,-0.171060727152,+0.791440307992,-0.055832370626,+0.656254554339,+0.171067813734
254,2.540000000,+0.000969256947,+0.027961398533,-0.802402089767,+0.192470295892,-0.782129681203,-0.027954904005,+0.001013146773,-0.171060727152,+0.791440307992,-0.055832370626,+0.656254554339,+0.171067813734
255,2.550000000,+0.000969256947,+0.027961398533,-0.802402089767,+0.192470295892,-0.782129681203,-0.027954904005,+0.001013146773,-0.171060727152,+0.791440307992,-0.055832370626,+0.656254554339,+0.171067813734
256,2.560000000,+0.000969256947,+0.027961398533,-0.802402089767,+0.192470295892,-0.782129681203,-0.027954904005,+0.001013146773,-0.171060727152,+0.791440307992,-0.055832370626,+0.656254554339,+0.171067813734
257,2.570000000,+0.000969256947,+0.027961398533,-0.802402089767,+0.192470295892,-0.782129681203,-0.027954904005,+0.001013146773,-0.171060727152,+0.791440307992,-0.055832370626,+0.656254554339,+0.171067813734
258,2.580000000,+0.000969256947,+0.027961398533,-0.802402089767,+0.192470295892,-0.782129681203,-0.027954904005,+0.001013146773,-0.171060727152,+0.791440307992,-0.055832370626,+0.656254554339,+0.171067813734
259,2.590000000,+0.000969256947,+0.027961398533,-0.802402089767,+0.192470295892,-0.782129681203,-0.027954904005,+0.001013146773,-0.171060727152,+0.791440307992,-0.055832370626,+0.656254554339,+0.171067813734
260,2.600000000,+0.000969256947,+0.027961398533,-0.802402089767,+0.192470295892,-0.782129681203,-0.027954904005,+0.001013146773,-0.171060727152,+0.791440307992,-0.055832370626,+0.656254554339,+0.171067813734
261,2.610000000,+0.000969256947,+0.027961398533,-0.802402089767,+0.192470295892,-0.782129681203,-0.027954904005,+0.001013146773,-0.171060727152,+0.791440307992,-0.055832370626,+0.656254554339,+0.171067813734
262,2.620000000,+0.000969256947,+0.027961398533,-0.802402089767,+0.192470295892,-0.782129681203,-0.027954904005,+0.001013146773,-0.171060727152,+0.791440307992,-0.055832370626,+0.656254554339,+0.171067813734
263,2.630000000,+0.000969256947,+0.027961398533,-0.802402089767,+0.192470295892,-0.782129681203,-0.027954904005,+0.001013146773,-0.171060727152,+0.791440307992,-0.055832370626,+0.656254554339,+0.171067813734
264,2.640000000,+0.000969256947,+0.027961398533,-0.802402089767,+0.192470295892,-0.782129681203,-0.027954904005,+0.001013146773,-0.171060727152,+0.791440307992,-0.055832370626,+0.656254554339,+0.171067813734
265,2.650000000,+0.000969256947,+0.027961398533,-0.802402089767,+0.192470295892,-0.782129681203,-0.027954904005,+0.001013146773,-0.171060727152,+0.791440307992,-0.055832370626,+0.656254554339,+0.171067813734
266,2.660000000,+0.000969256947,+0.027961398533,-0.802402089767,+0.192470295892,-0.782129681203,-0.027954904005,+0.001013146773,-0.171060727152,+0.791440307992,-0.055832370626,+0.656254554339,+0.171067813734
267,2.670000000,+0.000969256947,+0.027961398533,-0.802402089767,+0.192470295892,-0.782129681203,-0.027954904005,+0.001013146773,-0.171060727152,+0.791440307992,-0.055832370626,+0.656254554339,+0.171067813734
268,2.680000000,+0.000969256947,+0.027961398533,-0.802402089767,+0.192470295892,-0.782129681203,-0.027954904005,+0.001013146773,-0.171060727152,+0.791440307992,-0.055832370626,+0.656254554339,+0.171067813734
269,2.690000000,+0.000969256947,+0.027961398533,-0.802402089767,+0.192470295892,-0.782129681203,-0.027954904005,+0.001013146773,-0.171060727152,+0.791440307992,-0.055832370626,+0.656254554339,+0.171067813734
270,2.700000000,+0.000969256947,+0.027961398533,-0.802402089767,+0.192470295892,-0.782129681203,-0.027954904005,+0.001013146773,-0.171060727152,+0.791440307992,-0.055832370626,+0.656254554339,+0.171067813734
271,2.710000000,+0.000969256947,+0.027961398533,-0.802402089767,+0.192470295892,-0.782129681203,-0.027954904005,+0.001013146773,-0.171060727152,+0.791440307992,-0.055832370626,+0.656254554339,+0.171067813734
272,2.720000000,+0.000969256947,+0.027961398533,-0.802402089767,+0.192470295892,-0.782129681203,-0.027954904005,+0.001013146773,-0.171060727152,+0.791440307992,-0.055832370626,+0.656254554339,+0.171067813734
273,2.730000000,+0.000969256947,+0.027961398533,-0.802402089767,+0.192470295892,-0.782129681203,-0.027954904005,+0.001013146773,-0.171060727152,+0.791440307992,-0.055832370626,+0.656254554339,+0.171067813734
274,2.740000000,+0.000969256947,+0.027961398533,-0.802402089767,+0.192470295892,-0.782129681203,-0.027954904005,+0.001013146773,-0.171060727152,+0.791440307992,-0.055832370626,+0.656254554339,+0.171067813734
275,2.750000000,+0.000969256947,+0.027961398533,-0.802402089767,+0.192470295892,-0.782129681203,-0.027954904005,+0.001013146773,-0.171060727152,+0.791440307992,-0.055832370626,+0.656254554339,+0.171067813734
276,2.760000000,+0.000969256947,+0.027961398533,-0.802402089767,+0.192470295892,-0.782129681203,-0.027954904005,+0.001013146773,-0.171060727152,+0.791440307992,-0.055832370626,+0.656254554339,+0.171067813734
277,2.770000000,+0.000969256947,+0.027961398533,-0.802402089767,+0.192470295892,-0.782129681203,-0.027954904005,+0.001013146773,-0.171060727152,+0.791440307992,-0.055832370626,+0.656254554339,+0.171067813734
278,2.780000000,+0.000969256947,+0.027961398533,-0.802402089767,+0.192470295892,-0.782129681203,-0.027954904005,+0.001013146773,-0.171060727152,+0.791440307992,-0.055832370626,+0.656254554339,+0.171067813734
279,2.790000000,+0.000969256947,+0.027961398533,-0.802402089767,+0.192470295892,-0.782129681203,-0.027954904005,+0.001013146773,-0.171060727152,+0.791440307992,-0.055832370626,+0.656254554339,+0.171067813734
